Position Bucket,Display Rank,Player,Team,Bye Week,Floor,Points,Ceiling,SD,Uncertainty,VOR,Drop Off,Tier,Age,ADP,AAV,Rank - Overall,Rank - Position,ECR,Injury Status,Points Spread,Experience
QB,1,Josh Allen,BUF,7,344,354,378,14.8,1,65,37.3,1,30,16.7,33.5,23,1,1.04,,34,8
QB,2,Lamar Jackson,BAL,13,299,317,344,21.4,8,27.6,5.44,1,29,36,21.7,48,2,2.65,,45,8
QB,3,Jalen Hurts,PHI,10,296,312,327,13.6,11,22.2,0.569,1,28,57.2,13.2,56,3,6.03,,31,6
QB,4,Jayden Daniels,WAS,7,291,311,333,19,56,21.6,7.25,1,25,52.7,12.1,58,4,5.86,,42,2
QB,5,Drake Maye,NE,11,291,304,322,12.9,6,14.4,3.39,1,23,45.3,15.3,79,5,3.56,,31,2
QB,6,Joe Burrow,CIN,6,284,300,325,19.9,19,11,0.554,1,29,49.3,15.6,84,6,4.61,,41,6
QB,7,Jaxson Dart,NYG,8,281,300,322,18.5,78,10.4,4.42,2,23,85,7.77,85,7,13.3,,41,1
QB,8,Caleb Williams,CHI,10,268,295,322,23.1,36,6,3.63,2,24,70,9.27,99,8,7.17,,54,2
QB,9,Dak Prescott,DAL,14,273,292,309,17,33,2.37,0.276,2,33,70.5,9.42,115,9,9.43,,36,10
QB,10,Bo Nix,DEN,10,265,291,317,21.9,28,2.09,0.324,2,26,96.7,6.83,117,10,13.1,,52,2
QB,11,Trevor Lawrence,JAC,7,270,291,316,20.9,44,1.77,1.07,2,26,79,8.71,121,11,8.99,,46,5
QB,12,Justin Herbert,LAC,7,271,290,316,22.7,39,0.694,0.694,2,28,81.2,9,126,12,8.12,,45,6
QB,13,Patrick Mahomes,KC,5,271,289,318,19.4,58,0,3.77,2,30,92.7,8.81,130,13,13.6,Q,47,9
QB,14,Matthew Stafford,LAR,11,272,286,311,16.3,61,-3.77,6.3,3,38,86.2,9.02,157,14,14.6,,39,17
QB,15,Matthew Stafford,LAR,11,272,286,311,16.3,61,-3.77,6.3,3,38,86.2,9.02,157,14,14.6,,39,17
QB,16,Brock Purdy,SF,8,266,279,292,10.8,22,-10.1,0.583,3,26,96.5,6.2,208,15,12.5,,26,4
QB,17,Jared Goff,DET,6,256,279,305,21.1,67,-10.7,10.4,3,31,108,6.13,213,16,15.2,,49,10
QB,18,Tyler Shough,NO,8,249,268,292,17.3,42,-21.1,0.763,3,26,133,5.27,338,17,19.4,,43,1
QB,19,Baker Mayfield,TB,10,244,268,295,23.7,47,-21.8,4.63,4,31,125,5.39,342,18,18.1,,51,8
QB,20,Kyler Murray,MIN,6,234,263,304,27.5,83,-26.5,3.87,4,29,124,7.01,380,19,16.5,,70,7
QB,21,Jordan Love,GB,11,246,259,286,17.8,31,-30.3,10.6,4,27,133,4.38,410,20,18.6,,40,6
QB,22,C.J. Stroud,HOU,8,224,248,277,22.3,25,-40.9,0.0486,4,24,145,3.45,491,21,23.2,,53,3
QB,23,Malik Willis,MIA,6,226,248,266,15.7,69,-41,3.45,5,27,143,4.54,492,22,20.8,,40,4
QB,24,Sam Darnold,SEA,11,226,245,271,18.2,17,-44.4,1.39,5,29,140,4.97,530,23,22.6,,45,8
QB,25,Bryce Young,CAR,5,221,244,279,24.3,14,-45.8,20,6,25,151,3.51,548,24,25.8,,58,3
QB,26,Daniel Jones,IND,13,109,224,266,65.1,99,-65.8,1.49,6,29,146,3.62,750,25,23.4,,157,7
QB,27,Cam Ward,TEN,9,200,222,258,25.6,50,-67.3,0.965,6,24,149,3.07,770,26,24.8,,58,1
QB,28,Aaron Rodgers,PIT,9,190,221,269,31.4,53,-68.3,0.541,6,42,177,5.64,777,27,28.5,,79,21
QB,29,Jacoby Brissett,ARI,14,181,221,274,37.6,81,-68.8,13,7,33,171,3.55,785,28,26.6,,93,10
QB,30,Geno Smith,NYJ,13,189,208,228,15.6,3,-81.8,38.2,8,35,172,4.49,898,29,28.6,,39,13
QB,31,Fernando Mendoza,LVR,13,140,169,206,25,75,-120,20.8,9,22,147,19.1,1180,30,30.6,,66,0
QB,32,Tua Tagovailoa,ATL,11,101,149,203,51.2,92,-141,20.8,10,28,167,4.55,1200,31,30.9,,102,6
QB,33,Deshaun Watson,CLE,11,60.9,128,191,51.7,94,-162,38.8,11,30,182,3.05,1200,32,33.1,,130.1,9
QB,34,Shedeur Sanders,CLE,11,40,88.9,126,33.7,97,-200,1.51,12,24,186,2.2,1200,33,34.4,,86,1
QB,35,Michael Penix Jr.,ATL,11,37.8,87.4,152,44.9,86,-202,35.6,13,26,172,1.82,1200,34,33.1,Q,114.2,2
QB,36,Kirk Cousins,LVR,13,33.3,51.8,105,32.1,72,-238,10.4,13,38,184,2.7,1200,35,32.7,,71.7,14
QB,37,Marcus Mariota,WAS,7,24,41.4,52,16.4,89,-248,2.62,13,32,,1.03,1210,36,43.3,Q,28,11
RB,1,Jahmyr Gibbs,DET,6,290,298,314,10.8,1,171,8.35,1,24,1.69,61.8,1,1,1.28,,24,3
RB,2,Bijan Robinson,ATL,11,269,290,313,20.7,38,163,20.6,2,24,2.16,61.8,2,2,1.82,,44,3
RB,3,Jonathan Taylor,IND,13,247,269,288,16.9,28,142,15.2,3,27,7.67,52.6,3,3,3.82,,41,6
RB,4,Christian McCaffrey,SF,8,238,254,266,12.4,15,127,8.21,4,30,8.21,55.9,4,4,5.54,Q,28,9
RB,5,Derrick Henry,BAL,13,232,246,271,15.8,30,119,3.99,4,32,20.1,42.1,5,5,7.24,,39,10
RB,6,James Cook,BUF,7,228,242,260,12.2,7,115,11.7,5,26,11.6,46.6,6,6,4.73,,32,4
RB,7,Devon Achane,MIA,6,210,230,255,18.3,48,103,7.75,5,24,14.1,39.1,8,7,11.3,,45,3
RB,8,Saquon Barkley,PHI,10,210,222,238,10.7,8,95.1,0.807,6,29,16.9,48.1,10,8,7.53,,28,8
RB,9,Ashton Jeanty,LVR,13,205,222,256,21.6,61,94.3,6.05,6,22,13.3,40.5,11,9,7.73,,51,1
RB,10,Chase Brown,CIN,6,205,216,234,13.9,23,88.3,4.84,6,26,18.4,37.4,13,10,9.67,,29,3
RB,11,Kenneth Walker III,KC,5,189,211,230,17.7,45,83.5,1.74,6,25,21.3,38.8,14,11,10.1,,41,4
RB,12,Josh Jacobs,GB,11,193,209,222,11.5,11,81.7,2.21,7,28,33.9,30.5,15,12,14.4,Q,29,7
RB,13,Omarion Hampton,LAC,7,189,207,231,17,39,79.5,0.346,7,23,21.3,36.6,17,13,10.5,,42,1
RB,14,Kyren Williams,LAR,11,196,206,218,8.24,1,79.2,4.97,7,25,32.6,28.9,18,14,13,,22,4
RB,15,Javonte Williams,DAL,14,182,201,228,21.3,59,74.2,5.23,7,26,35.4,28.1,19,15,14,,46,5
RB,16,Jeremiyah Love,ARI,14,171,196,217,18.5,42,69,1.16,7,21,26.9,49.5,20,16,17.9,Q,46,0
RB,17,Breece Hall,NYJ,13,171,195,220,21,49,67.8,1.24,8,25,35.5,26.5,21,17,16.4,Q,49,4
RB,18,Travis Etienne,NO,8,181,194,219,15.2,32,66.5,7.77,8,27,45.8,22.8,22,18,19.1,,38,5
RB,19,Cam Skattebo,NYG,8,172,186,198,11.5,14,58.8,0.317,8,24,39.2,18.8,24,19,20.8,,26,1
RB,20,Bucky Irving,TB,10,168,186,217,20.5,58,58.5,1.09,8,24,49.7,15.1,25,20,22,,49,2
RB,21,Quinshon Judkins,CLE,11,156,185,224,25.8,80,57.4,5.55,9,22,49.6,18.1,27,21,21,Q,68,1
RB,22,D'Andre Swift,CHI,10,159,179,200,15.3,31,51.8,4.21,9,27,52.6,19.3,31,22,19.8,,41,6
RB,23,Bhayshul Tuten,JAC,7,168,175,183,6.42,4,47.6,7.66,10,24,60.6,13.2,35,23,23.7,,15,1
RB,24,David Montgomery,HOU,8,156,167,189,13.5,27,40,2.23,10,29,58.8,20.7,39,24,21.2,,33,7
RB,25,TreVeyon Henderson,NE,11,154,165,199,19.4,56,37.7,13.8,11,23,63.7,12,40,25,25.3,,45,1
RB,26,Jaylen Warren,PIT,9,134,151,162,13.1,20,23.9,2.35,11,27,82.7,10.1,53,26,29.3,,28,4
RB,27,Rico Dowdle,PIT,9,133,149,161,11.9,25,21.6,0.671,11,28,89,8.86,59,27,31.2,,28,6
RB,28,Jadarian Price,SEA,11,80,148,185,42.7,96,20.9,0.716,11,22,65.2,25.2,62,28,24.6,,105,0
RB,29,J.K. Dobbins,DEN,10,129,147,160,14,35,20.2,0.556,11,27,99.4,8.93,63,29,31.2,,31,6
RB,30,Rhamondre Stevenson,NE,11,124,147,162,14.7,34,19.6,1.29,11,28,86.4,11.4,66,30,29.3,,38,5
RB,31,Tony Pollard,TEN,9,132,146,157,9.01,10,18.3,7.97,12,29,87.6,11.5,69,31,29.4,,25,7
RB,32,Chuba Hubbard,CAR,5,127,138,150,9.03,13,10.3,4.23,12,27,96.3,8.2,86,32,35.7,Q,23,5
RB,33,Kyle Monangai,CHI,10,117,133,144,11.2,17,6.11,3.45,12,24,108,4.8,98,33,36,Q,27,1
RB,34,Jacory Croskey-Merritt,WAS,7,124,130,140,7.44,3,2.67,2.67,12,25,113,5.48,113,34,34.4,,16,1
RB,35,RJ Harvey,DEN,10,102,127,160,25.6,86,0,0.091,12,25,96.1,5.76,130,35,38.8,,58,1
RB,36,Jordan Mason,MIN,6,109,127,143,14.6,44,-0.091,4.97,13,27,115,5.7,131,36,35.2,,34,4
RB,37,Blake Corum,LAR,11,111,122,141,12.3,21,-5.06,2.21,13,25,111,5.04,167,37,32.5,,30,2
RB,38,Jonathon Brooks,CAR,5,92.4,120,148,21.4,79,-7.28,5.55,13,23,97.6,10.1,185,38,31.9,,55.6,2
RB,39,Rachaad White,WAS,7,88,114,126,17,52,-12.8,1.48,14,27,122,7.35,244,39,38.9,Q,38,4
RB,40,Aaron Jones,MIN,6,90.1,113,125,14.4,41,-14.3,2.6,14,31,123,6.43,262,40,41.6,,34.9,9
RB,41,Kenneth Gainwell,TB,10,78,110,130,21.5,63,-16.9,3.48,14,27,113,6.89,284,41,40.3,,52,5
RB,42,Zach Charbonnet,SEA,11,88.5,107,137,20.1,83,-20.4,4.83,14,25,131,5.79,329,42,47.2,O,48.5,3
RB,43,Woody Marks,HOU,8,89.9,102,109,8.4,18,-25.2,10.4,15,25,139,3.09,367,43,46.7,,19.1,1
RB,44,Tyjae Spears,TEN,9,77.1,91.7,106,11.4,46,-35.6,2.51,15,25,151,3.83,444,44,52.8,,28.9,3
RB,45,Chris Rodriguez,JAC,7,63.9,89.2,115,19.9,73,-38.1,0.134,15,26,143,4.7,463,45,40.3,,51.1,3
RB,46,Isiah Pacheco,DET,6,70.4,89,109,16.1,65,-38.3,4.65,16,27,148,3.05,467,46,51.6,Q,38.6,4
RB,47,Tyrone Tracy,NYG,8,53.6,84.4,107,22.4,85,-42.9,3.56,16,26,142,2.78,517,47,47.2,,53.4,2
RB,48,Tyler Allgeier,ARI,14,67.8,80.8,92.8,12.7,37,-46.5,2.83,16,26,148,3.78,559,48,45.1,,25,4
RB,49,Alvin Kamara,NO,8,53.9,78,89,14.8,70,-49.3,0.703,16,31,144,3.79,591,49,54,Q,35.1,9
RB,50,Brian Robinson,ATL,11,62.7,77.3,86.3,9.84,24,-50,3.59,16,27,160,5.88,603,50,51.4,,23.6,4
RB,51,Devin Singletary,NYG,8,70.8,73.7,75.8,3.96,6,-53.6,1.03,16,28,219,3.48,633,51,84.8,,5,7
RB,52,Malik Davis,DAL,14,61.5,72.7,83.6,16.1,92,-54.6,2.75,17,27,,3.91,644,52,76.9,,22.1,4
RB,53,Justice Hill,BAL,13,58.6,69.9,83.6,10.2,68,-57.4,0.413,17,28,200,1.66,680,53,74.3,,25,7
RB,54,Tank Bigsby,PHI,10,55.9,69.5,93.9,16.4,66,-57.8,2.58,17,23,157,3.24,685,54,49,,38,3
RB,55,Ty Johnson,BUF,7,59.6,66.9,79.8,8.49,55,-60.4,3.42,17,28,186,1.06,706,55,79.2,Q,20.2,7
RB,56,Kareem Hunt,FA,,,63.5,,,76,-63.8,0.0515,17,31,204,,737,56,97.6,,,9
RB,57,Braelon Allen,NYJ,13,44.9,63.4,96.6,20.9,87,-63.8,1.35,17,22,172,2.53,739,57,54.5,,51.7,2
RB,58,Alexander Mattison,MIA,6,,62.1,,,99,-65.2,0.692,17,,,,748,58,138,,,7
RB,59,Dylan Sampson,CLE,11,47.9,61.4,84.9,16.3,62,-65.9,0.00766,17,21,172,1.25,752,59,55.9,,37,1
RB,60,Nick Chubb,FA,,,61.4,,,99,-65.9,0.809,17,30,,,753,60,99.8,,,8
RB,61,James Conner,ARI,14,28.4,60.6,85.9,22.5,90,-66.7,0.282,17,31,186,2.8,761,61,65.6,Q,57.5,9
RB,62,Samaje Perine,CIN,6,47.8,60.3,75,13.1,82,-67,0.189,17,30,187,1.49,763,62,78,,27.2,9
RB,63,Keaton Mitchell,LAC,7,42.8,60.1,73.8,13.6,69,-67.2,0.131,17,24,151,2.95,765,63,48.9,,31,3
RB,64,MarShawn Lloyd,GB,11,23.5,60,83,23.6,94,-67.3,0.893,17,25,160,2.93,769,64,57.4,,59.5,2
RB,65,Jonah Coleman,DEN,10,45.2,59.1,71.3,11.9,51,-68.2,1.4,18,23,146,7.13,775,65,50.2,,26.1,0
RB,66,Joe Mixon,FA,,,57.7,,,75,-69.6,1.92,18,30,,,795,66,97.3,Q,,9
RB,67,Mike Washington Jr.,LVR,13,46.4,55.8,75.9,12.8,72,-71.5,0.976,18,23,160,3.99,807,67,59.8,,29.5,0
RB,68,Antonio Gibson,FA,,,54.8,,,54,-72.5,0.779,18,56,,,819,68,116,Q,,6
RB,69,Kimani Vidal,LAC,7,27.1,54,79.9,21,89,-73.3,2.12,18,24,196,2.36,827,69,62.6,,52.8,2
RB,70,Jerome Ford,WAS,7,,51.9,,,93,-75.4,1.46,18,26,,,840,70,85.9,IR,,4
RB,71,Ray Davis,BUF,7,26.9,50.4,68.5,18.8,77,-76.9,2.1,18,26,189,1.76,849,71,61.4,,41.6,2
RB,72,Jordan James,SF,8,21.9,48.3,93.6,29.2,97,-79,0.326,18,22,189,2.31,867,72,73.8,Q,71.7,1
WR,1,Puka Nacua,LAR,11,221,230,243,10,1,110,8,1,25,5.65,52.4,7,1,2.29,Q,22,3
WR,2,Ja'Marr Chase,CIN,6,212,222,236,12.2,4,102,8.62,1,26,4.4,58.8,9,2,1.17,,24,5
WR,3,Jaxon Smith-Njigba,SEA,11,201,214,228,11.1,3,93.3,13.6,2,24,7.39,48.5,12,3,3,,27,3
WR,4,Amon-Ra St. Brown,DET,6,197,200,204,2.99,1,79.7,22.3,3,26,10.2,50.6,16,4,3.98,,7,5
WR,5,Drake London,ATL,11,154,178,215,24.9,69,57.4,2.77,3,25,21,37.2,26,5,8.41,,61,4
WR,6,Justin Jefferson,MIN,6,150,175,209,21.8,48,54.7,1.26,3,27,15.9,45.9,28,6,6.2,,59,6
WR,7,CeeDee Lamb,DAL,14,159,174,191,13.8,13,53.4,2.93,3,27,14.8,45.4,30,7,5.71,,32,6
WR,8,George Pickens,DAL,14,152,171,198,22.8,61,50.5,2.32,3,25,27.5,28.2,32,8,10,,46,4
WR,9,Rashee Rice,KC,5,152,169,197,19.7,63,48.2,0.656,3,26,31.6,25.9,34,9,14.3,,45,3
WR,10,Nico Collins,HOU,8,151,168,188,16.5,30,47.5,2,3,27,28.2,32.5,36,10,8.87,,37,5
WR,11,A.J. Brown,NE,11,148,166,183,15.6,25,45.5,2.06,4,29,26.8,32.7,37,11,8.25,,35,7
WR,12,Chris Olave,NO,8,137,164,185,20.6,58,43.5,7.51,4,26,34,27.4,38,12,12.6,,48,4
WR,13,Jameson Williams,DET,6,148,156,172,9.72,21,35.9,0.513,4,25,64.4,12,41,13,22.2,,24,4
WR,14,Zay Flowers,BAL,13,138,156,172,14.4,34,35.4,0.655,4,25,41.1,20.7,42,14,15.4,,34,3
WR,15,Malik Nabers,NYG,8,132,155,170,16.2,49,34.8,1.97,4,23,33.9,27,43,15,13.6,Q,38,2
WR,16,Tetairoa McMillan,CAR,5,141,153,169,11.8,20,32.8,0.0727,4,23,46.4,19,44,16,17.5,,28,1
WR,17,Emeka Egbuka,TB,10,134,153,171,14.3,37,32.7,0.282,4,23,44.2,19.8,45,17,17.6,Q,37,1
WR,18,Davante Adams,LAR,11,145,153,167,9,11,32.4,0.697,4,33,57.5,19.9,46,18,22.5,,22,12
WR,19,Tee Higgins,CIN,6,139,152,169,14.4,28,31.7,4.6,5,27,47.1,20.4,47,19,15.6,,30,6
WR,20,DeVonta Smith,PHI,10,132,148,160,10.4,18,27.2,2.88,5,27,40.7,26.1,49,20,15.6,Q,28,5
WR,21,Garrett Wilson,NYJ,13,134,145,156,8.02,8,24.3,0.661,5,26,49.2,22,52,21,23.9,,22,4
WR,22,Rome Odunze,CHI,10,134,144,161,11.5,24,23.6,0.656,5,24,66.2,10.5,54,22,25.5,,27,2
WR,23,Terry McLaurin,WAS,7,130,143,153,9.57,14,23,1.25,5,30,60.7,17.1,55,23,22.7,,23,7
WR,24,D.J. Moore,BUF,7,129,142,172,17.2,59,21.7,0.325,5,29,62.7,18,57,24,26.5,,43,8
WR,25,Ladd McConkey,LAC,7,132,142,157,11.3,23,21.4,2.7,5,24,49.6,17.9,60,25,20.1,,25,2
WR,26,Alec Pierce,IND,13,122,139,160,18,70,18.7,1.36,5,26,91,6.6,68,26,37.7,O,38,4
WR,27,Christian Watson,GB,11,129,138,143,6.08,6,17.3,0.369,5,27,78.3,9.21,71,27,23.9,,14,4
WR,28,Mike Evans,SF,8,126,137,149,10.2,15,17,1.33,6,33,76.1,12.8,72,28,26,Q,23,12
WR,29,Jaylen Waddle,DEN,10,126,136,147,7.91,7,15.6,0.369,6,27,57.4,18.7,73,29,20.7,,21,5
WR,30,Courtland Sutton,DEN,10,126,136,156,12.1,27,15.3,0.365,6,30,93.8,8.77,74,30,35.9,,30,8
WR,31,Luther Burden,CHI,10,104,135,174,26,79,14.9,2.8,6,22,66.3,12.7,77,31,25.7,Q,70,1
WR,32,DK Metcalf,PIT,9,119,133,149,11.1,17,12.1,3.42,6,28,89.9,8.74,82,32,34.4,Q,30,7
WR,33,Brian Thomas Jr.,JAC,7,112,129,151,16,44,8.67,0.451,6,23,89.4,5.99,90,33,32.7,,39,2
WR,34,Marvin Harrison Jr.,ARI,14,110,129,146,13.9,32,8.21,1.57,6,24,83.3,8.33,91,34,32.5,,36,2
WR,35,Parker Washington,JAC,7,111,127,139,12.4,31,6.65,6.65,7,24,86.3,10.7,97,35,31.8,Q,28,3
WR,36,Michael Wilson,ARI,14,104,121,153,20.8,73,0,0.789,7,26,99.4,6.92,130,36,41.1,,49,3
WR,37,Chris Godwin,TB,10,101,120,147,18.3,62,-0.789,2.93,7,30,109,8.84,137,37,38.4,,46,9
WR,38,Carnell Tate,TEN,9,97,117,141,16.6,46,-3.72,1.6,7,21,82,24,155,38,33.2,Q,44,0
WR,39,Jordan Addison,MIN,6,98.1,115,141,16.7,55,-5.32,2.88,7,24,116,4.64,168,39,41.2,,42.9,3
WR,40,Tyreek Hill,FA,,,112,,,99,-8.2,0.499,7,32,164,1.47,191,40,101,Q,,10
WR,41,Quentin Johnston,LAC,7,90.7,112,130,15.8,42,-8.7,2.16,7,24,114,6.2,197,41,38.1,Q,39.3,3
WR,42,Jayden Reed,GB,11,77.4,110,139,23.3,75,-10.9,0.769,7,26,129,3.78,216,42,43.5,,61.6,3
WR,43,Jakobi Meyers,JAC,7,95.1,109,127,11.7,41,-11.6,0.822,7,29,127,4.07,225,43,46.6,,31.9,7
WR,44,Xavier Worthy,KC,5,81.4,108,122,16.8,65,-12.5,1.39,8,23,135,2.45,235,44,48.1,Q,40.6,2
WR,45,Xavier Worthy,KC,5,81.4,108,122,16.8,65,-12.5,1.39,8,23,135,2.45,235,44,48.1,Q,40.6,2
WR,46,Michael Pittman,PIT,9,87,107,118,12.8,39,-13.8,0.0981,8,28,114,6.66,256,45,44.2,Q,31,6
WR,47,Wan'Dale Robinson,TEN,9,87.7,107,151,25.6,82,-13.9,1.76,8,25,115,6.17,259,46,48.8,,63.3,4
WR,48,Deebo Samuel,SF,8,85.4,105,122,14.5,80,-15.7,2.53,8,56,136,4.66,276,47,54.2,,36.6,7
WR,49,Matthew Golden,GB,11,85.9,102,118,12.6,56,-18.2,0.401,8,23,128,3.31,302,48,50.8,,32.1,1
WR,50,Romeo Doubs,NE,11,87,102,121,12.7,51,-18.6,0.0675,8,26,142,4.19,308,49,52.2,,34,4
WR,51,Josh Downs,IND,13,87.7,102,114,12.1,35,-18.7,0.00609,8,25,116,4.5,309,50,46.8,,26.3,3
WR,52,Stefon Diggs,WAS,7,91.1,102,114,8.74,72,-18.7,3.66,8,32,123,7.2,310,51,46.6,,22.9,11
WR,53,Makai Lemon,PHI,10,88.6,98.1,120,13.3,45,-22.4,0.000905,8,22,122,15.3,349,52,44,Q,31.4,0
WR,54,Rashid Shaheed,SEA,11,61.2,98.1,130,26.9,83,-22.4,4.89,8,27,151,4.63,350,53,54.8,,68.8,4
WR,55,Jerry Jeudy,CLE,11,81.1,93.2,115,13,68,-27.3,0.282,9,27,167,4.05,387,54,66.8,,33.9,6
WR,56,Khalil Shakir,BUF,7,85.8,93,99,6.53,10,-27.5,2.83,9,26,143,2.92,390,55,55.9,Q,13.2,4
WR,57,Jalen Coker,CAR,5,77.6,90.1,107,14.7,54,-30.4,1.18,9,24,151,2.8,412,56,53.7,,29.4,2
WR,58,Calvin Ridley,TEN,9,51.8,88.9,124,28.8,93,-31.6,1.18,9,31,191,2.49,417,57,74.5,,72.2,8
WR,59,Tre Tucker,LVR,13,78.7,87.8,95.8,7,52,-32.7,0.834,9,25,180,2.07,423,58,66.7,,17.1,3
WR,60,KC Concepcion,CLE,11,45.6,86.9,109,25.9,87,-33.6,1.73,9,21,134,12.5,426,59,52,,63.4,0
WR,61,Rashod Bateman,BAL,13,68.4,85.2,105,15.7,77,-35.3,0.436,9,26,188,2.72,440,60,76.8,,36.6,5
WR,62,Jalen McMillan,TB,10,79.2,84.8,89.4,4.49,38,-35.7,2.03,9,24,182,2.47,445,61,64.9,Q,10.2,2
WR,63,Jauan Jennings,MIN,6,62.6,82.7,109,21.3,85,-37.8,0.397,9,29,179,1.73,462,62,63.4,,46.4,6
WR,64,De'Zhaun Stribling,SF,8,14.8,82.3,119,42.7,99,-38.2,0.266,9,23,138,10.5,464,63,57.1,,104.2,0
WR,65,Jalen Nailor,LVR,13,58.6,82.1,112,21.1,90,-38.4,1.05,9,27,163,1.82,468,64,69.6,,53.4,4
WR,66,Jordyn Tyson,NO,8,50.3,81,136,33.1,96,-39.5,1.81,9,22,108,19.5,480,65,49.4,D,85.7,0
WR,67,Keenan Allen,IND,13,72,79.2,96.4,12,94,-41.3,2.88,10,34,198,2.2,496,66,82.9,,24.4,13
WR,68,Malik Washington,MIA,6,64.3,76.3,101,17.2,86,-44.2,0.402,10,25,170,3.09,527,67,76.5,,36.7,2
WR,69,Kayshon Boutte,NE,11,49.2,75.9,120,29.4,92,-44.6,0.0644,10,24,179,1.7,534,68,70.8,,70.8,3
WR,70,Denzel Boston,CLE,11,42.9,75.9,98.7,24.5,89,-44.6,1.52,10,22,155,8.46,536,69,61.6,,55.8,0
WR,71,Nathaniel Dell,HOU,8,31.4,74.3,104,34.3,97,-46.2,1.11,10,26,169,2.84,553,70,76,Q,72.6,3
WR,72,Adonai Mitchell,NYJ,13,56.2,73.2,93.5,15.5,76,-47.3,1.33,10,23,196,1.32,567,71,65.6,,37.3,2
WR,73,Jayden Higgins,HOU,8,,71.9,,,,-48.6,0.948,10,23,139,2.87,583,72,,D,,1
TE,1,Trey McBride,ARI,14,134,156,172,16.6,43,54.5,4.61,1,26,24.6,30.8,29,1,2.17,,38,4
TE,2,Brock Bowers,LVR,13,144,151,156,5.02,1,49.9,23.1,2,23,24.3,31.2,33,2,1.05,,12,2
TE,3,Colston Loveland,CHI,10,114,128,150,14.4,23,26.8,8.83,3,22,44.8,17.9,50,3,3.26,,36,1
TE,4,Tyler Warren,IND,13,103,119,129,11,9,18,3.01,3,24,52.9,15.6,70,4,4.69,Q,26,1
TE,5,Harold Fannin,CLE,11,99.6,116,135,17,69,15,0.543,3,22,76.1,7.22,75,5,8.55,,35.4,1
TE,6,Tucker Kraft,GB,11,103,116,141,16.9,49,14.4,2.09,3,25,74.3,9.44,78,6,4.51,Q,38,3
TE,7,Kyle Pitts,ATL,11,104,114,133,12.5,17,12.4,1.12,3,25,75.2,8.45,81,7,8.58,,29,5
TE,8,Mark Andrews,BAL,13,106,112,124,7.96,26,11.2,1.32,4,30,118,4.7,83,8,12.6,,18,8
TE,9,Dallas Goedert,PHI,10,86.8,111,139,19.7,77,9.9,2.63,4,31,105,5.2,87,9,12.3,,52.2,8
TE,10,Sam LaPorta,DET,6,103,108,118,6.36,3,7.28,0.517,4,25,72.4,8.63,93,10,6.49,Q,15,3
TE,11,George Kittle,SF,8,94.9,108,125,11.8,46,6.76,2.58,4,32,98.9,8.31,95,11,8.94,O,30.1,9
TE,12,Travis Kelce,KC,5,94.2,105,117,9.01,14,4.18,4.18,5,36,103,5.75,108,12,11.6,,22.8,13
TE,13,Dalton Kincaid,BUF,7,90.8,101,119,12.6,60,0,0.373,5,26,119,3.58,130,13,10.6,,28.2,3
TE,14,Isaiah Likely,NYG,8,85.5,101,125,17.4,80,-0.373,3.37,5,26,107,5.35,134,14,13.1,,39.5,4
TE,15,Hunter Henry,NE,11,92.5,97.5,106,5.65,6,-3.74,7.18,6,31,148,3.05,156,15,18,,13.5,10
TE,16,Juwan Johnson,NO,8,77.8,90.3,105,12.9,63,-10.9,0.122,6,29,147,3.49,217,16,16.7,,27.2,6
TE,17,Brenton Strange,JAC,7,80.9,90.2,110,13.1,54,-11.1,1.46,6,25,161,2.36,220,17,18.4,,29.1,3
TE,18,Jake Ferguson,DAL,14,79.7,88.7,99.2,8.25,11,-12.5,3.39,6,27,118,3.18,237,18,15.3,,19.5,4
TE,19,Dalton Schultz,HOU,8,73.8,85.3,95.6,8.66,40,-15.9,1.18,6,30,166,2.34,278,19,22.8,,21.8,8
TE,20,Pat Freiermuth,PIT,9,78.5,84.1,94.2,6.32,31,-17.1,1.65,7,27,175,2.21,285,20,27.1,,15.7,5
TE,21,T.J. Hockenson,MIN,6,74.9,82.5,98.7,9.71,29,-18.7,0.881,7,29,145,3.32,311,21,25.1,,23.8,7
TE,22,Kenyon Sadiq,NYJ,13,57.4,81.6,102,17.1,89,-19.6,2.41,7,21,145,4.25,322,22,24.8,Q,44.6,0
TE,23,Chigoziem Okonkwo,WAS,7,68.2,79.2,96.4,11.6,51,-22,1.4,7,26,164,3.32,346,23,19.6,,28.2,4
TE,24,AJ Barner,SEA,11,64.8,77.8,91.5,11.2,37,-23.4,0.292,7,24,166,2.21,359,24,22.4,,26.7,2
TE,25,Greg Dulcich,MIA,6,64.9,77.5,84.7,8.27,74,-23.7,2.25,7,26,172,2.16,361,25,24.5,,19.8,4
TE,26,Cade Otton,TB,10,56.7,75.3,94.3,16.2,71,-26,1.25,7,27,187,1.9,377,26,29,Q,37.6,4
TE,27,David Njoku,LAC,7,55.6,74,102,17.9,86,-27.2,4.9,8,30,177,1.6,386,27,30,,46.4,9
TE,28,Oronde Gadsden,LAC,7,48,69.1,83.8,17.1,83,-32.1,2.17,8,23,167,2.35,419,28,21,,35.8,1
TE,29,Gunnar Helm,TEN,9,56.4,66.9,82.5,9.81,34,-34.3,0.856,8,23,192,2.47,431,29,27.5,,26.1,1
TE,30,Terrance Ferguson,LAR,11,25.1,66.1,87.7,27,94,-35.1,0.64,8,23,167,1.51,436,30,22.8,,62.6,1
TE,31,Mike Gesicki,CIN,6,54.8,65.5,71.9,7.34,57,-35.8,0.387,8,30,170,1.01,446,31,33.9,,17.1,8
TE,32,Colby Parkinson,LAR,11,45.9,65.1,102,25.1,91,-36.2,2.85,9,27,195,2.38,449,32,31.7,,56.1,6
TE,33,Darren Waller,CAR,5,36.2,62.2,82.5,20.4,97,-39,2.69,9,33,170,0.648,475,33,34.2,,46.3,11
TE,34,Evan Engram,DEN,10,50.9,59.5,66.6,7.06,20,-41.7,5.63,10,31,208,2.13,502,34,33,,15.7,9
TE,35,Jonnu Smith,FA,,,53.9,,,99,-47.3,1.29,10,31,,,569,35,54.7,,,9
TE,36,Dawson Knox,BUF,7,44.8,52.6,59.1,6.14,66,-48.6,0.616,10,29,170,0.972,584,36,43.7,,14.3,7
K,1,Brandon Aubrey,DAL,14,165,175,187,8.59,1,26,6.08,1,31,98.1,6.56,51,1,1.15,,22,3
K,2,Jason Myers,SEA,11,159,169,191,13.8,19,19.9,0.521,1,35,134,2.23,64,2,4.8,,32,
K,3,Kaimi Fairbairn,HOU,8,158,168,181,11.7,35,19.4,6.48,1,32,135,2.75,67,3,2.98,,23,10
K,4,Cameron Dicker,LAC,7,141,162,170,12.9,26,12.9,9.86,2,26,134,2.7,80,4,3.53,,29,4
K,5,Chase McLaughlin,TB,10,147,152,161,5.93,10,3.04,1.64,2,30,178,1.24,112,5,11.6,,14,7
K,6,Jake Bates,DET,6,140,150,164,9.74,16,1.4,1.29,2,27,165,2.19,124,6,11,,24,3
K,7,Cam Little,JAC,7,143,149,161,7.39,6,0.113,0.113,2,23,150,2.59,129,7,4.95,,18,2
K,8,Will Reichard,MIN,6,141,149,160,7.98,52,0,0.113,2,25,182,1.33,130,8,15.3,,19,2
K,9,Tyler Loop,BAL,13,134,149,167,13.3,45,-0.113,0.748,2,25,170,1.46,132,9,8.05,,33,1
K,10,Harrison Mevis,LAR,11,134,148,159,12.3,58,-0.861,0.619,2,24,157,1.97,138,10,11.7,,25,2
K,11,Harrison Butker,KC,5,129,148,158,11.7,23,-1.48,0.994,2,31,175,1.83,143,11,14.4,,29,9
K,12,Wil Lutz,DEN,10,139,147,151,4.72,3,-2.47,1.35,2,32,171,1.25,147,12,16.1,,12,10
K,13,Blake Grupe,IND,13,134,145,169,14.9,81,-3.83,0.478,2,27,159,1.01,158,13,22,,35,3
K,14,Cairo Santos,CHI,10,126,145,163,14.1,32,-4.3,1.53,2,34,182,2.12,163,14,10.3,,37,12
K,15,Eddy Pineiro,SF,8,118,143,152,15.4,55,-5.83,6.25,3,30,168,1.54,171,15,7.78,,34,8
K,16,Nick Folk,ATL,11,113,137,171,22.8,90,-12.1,0.204,3,41,157,0.972,232,16,23.3,,58,19
K,17,Andres Borregales,NE,11,125,137,149,8.98,39,-12.3,0.282,3,23,209,1.9,233,17,12.2,,24,1
K,18,Charlie Smyth,NO,8,118,136,144,11.2,48,-12.6,0.72,3,25,170,0,238,18,18.4,,26,2
K,19,Jake Elliott,PHI,10,130,136,142,5.06,13,-13.3,0.28,3,31,171,1.6,247,19,20,,12,9
K,20,Trey Smack,GB,11,95.4,135,161,25.9,99,-13.6,0.219,3,23,191,2.38,251,20,23,,65.6,0
K,21,Tyler Bass,BUF,7,107,135,146,17,84,-13.8,0.504,3,29,192,1.43,254,21,19.7,,39,6
K,22,Chris Boswell,PIT,9,128,135,140,5.89,29,-14.3,0.179,3,35,180,1.42,261,22,13.6,,12,12
K,23,Evan McPherson,CIN,6,107,135,154,18.2,77,-14.5,3.65,3,27,178,1.26,264,23,10.2,,47,5
K,24,Chad Ryland,ARI,14,126,131,137,4.53,61,-18.1,2.64,4,26,170,0,300,24,23.1,,11,3
K,25,Joey Slye,TEN,9,121,128,139,9.59,68,-20.8,1.17,4,30,170,0,336,25,22.8,,18,7
K,26,Riley Patterson,MIA,6,105,127,137,13.5,65,-21.9,1.15,4,26,170,0,345,26,34.5,,32,5
K,27,Drew Stevens,WAS,7,103,126,140,15,97,-23.1,5.18,4,22,170,0,355,27,30.1,,37,0
K,28,Ryan Fitzgerald,CAR,5,99.7,121,131,13.4,71,-28.3,3.62,4,26,170,0,399,28,25,,31.3,1
K,29,Matt Gay,LVR,13,89.6,117,129,16.9,74,-31.9,3.27,5,32,169,0,418,29,31.3,,39.4,7
K,30,Andre Szmyt,CLE,11,89.7,114,127,15.7,42,-35.2,4.65,5,27,170,0,438,30,30.9,,37.3,3
K,31,Jason Sanders,NYJ,13,75.8,109,139,35.6,94,-39.8,2.63,5,30,170,0,481,31,30.1,,63.2,8
K,32,Ben Sauls,NYG,8,82.7,107,127,22.7,87,-42.4,14.7,6,25,,,514,32,27,,44.3,1
DST,1,Broncos,DEN,10,90.4,103,120,13,19,7.32,2.02,1,,103,2.93,92,1,2.89,,29.6,
DST,2,Texans,HOU,8,87.5,101,109,10.4,6,5.3,5.3,2,,99.4,3.95,102,2,1.37,,21.5,
DST,3,Seahawks,SEA,11,87.3,95.2,103,6.91,26,0,0.547,2,,115,2.33,130,3,3.76,,15.7,
DST,4,Chargers,LAC,7,87.1,94.7,108,9.71,23,-0.547,2.69,3,,156,0.94,135,4,10.2,,20.9,
DST,5,Vikings,MIN,6,85.1,92,105,9.57,35,-3.24,0.306,4,,148,0.81,151,5,8.33,,19.9,
DST,6,Bills,BUF,7,88.1,91.7,95.2,3.42,3,-3.55,0.0479,4,,166,0.8,153,6,15.6,,7.1,
DST,7,Rams,LAR,11,84.2,91.6,99.2,7.67,32,-3.6,1.42,5,,107,3.69,154,7,3.57,,15,
DST,8,Lions,DET,6,81.1,90.2,107,12.4,65,-5.02,1.61,6,,161,1.42,166,8,14.9,,25.9,
DST,9,Steelers,PIT,9,86.1,88.6,92.3,2.79,1,-6.62,0.493,6,,141,1.28,176,9,8.36,,6.2,
DST,10,Saints,NO,8,78.4,88.1,97.6,8.55,52,-7.12,0.177,6,,180,0,182,10,18.6,,19.2,
DST,11,Ravens,BAL,13,77.4,87.9,98.2,9.06,45,-7.29,0.7,7,,153,1.11,186,11,10.6,,20.8,
DST,12,Eagles,PHI,10,78.2,87.2,97.7,9.72,39,-7.99,0.105,7,,132,1.3,188,12,5.91,,19.5,
DST,13,Falcons,ATL,11,76.2,87.1,104,12.6,77,-8.1,0.73,8,,161,0,189,13,19.8,,27.8,
DST,14,Browns,CLE,11,81,86.4,93.7,6.77,42,-8.83,1.22,9,,175,0.9,198,14,15.4,,12.7,
DST,15,Commanders,WAS,7,65,85.2,97.4,15.4,94,-10,0.974,10,,170,0,207,15,26.7,,32.4,
DST,16,Bears,CHI,10,70.7,84.2,91.1,9.91,74,-11,0.715,11,,180,0.1,219,16,20.2,,20.4,
DST,17,Jaguars,JAC,7,80,83.5,90.6,5.35,10,-11.7,0.0302,11,,160,0.883,226,17,9.13,,10.6,
DST,18,Packers,GB,11,69.5,83.4,96.6,11.9,58,-11.8,0.238,11,,164,0.903,227,18,13.4,,27.1,
DST,19,Cowboys,DAL,14,71.3,83.2,101,12.7,99,-12,0.387,12,,183,0.1,230,19,20.8,,29.7,
DST,20,Bengals,CIN,6,72.4,82.8,90.9,8.45,81,-12.4,0.454,12,,170,0,234,20,24.1,,18.5,
DST,21,Titans,TEN,9,65,82.4,90,12.8,87,-12.8,0.549,13,,192,0,245,21,25.5,,25,
DST,22,Colts,IND,13,74.3,81.8,86.9,5.91,13,-13.4,0.0549,13,,170,0,248,22,19.3,,12.6,
DST,23,Giants,NYG,8,67.5,81.8,99.3,13.7,84,-13.5,0.188,13,,168,0.833,249,23,22.5,,31.8,
DST,24,Patriots,NE,11,69.4,81.6,94.2,11.3,61,-13.6,0.29,13,,146,1.33,253,24,7.96,,24.8,
DST,25,Buccaneers,TB,10,71.4,81.3,90.6,8.46,48,-13.9,0.382,13,,170,0.1,258,25,22.7,,19.2,
DST,26,Chiefs,KC,5,69.6,80.9,87.8,8.44,29,-14.3,1.47,14,,168,1.1,263,26,13.3,,18.2,
DST,27,Cardinals,ARI,14,66.4,79.4,90.8,11.9,16,-15.8,0.626,15,,170,0,277,27,31.2,,24.4,
DST,28,Raiders,LVR,13,63.8,78.8,85.5,11,71,-16.4,1.18,16,,170,0,282,28,27.9,,21.7,
DST,29,49ers,SF,8,65.3,77.6,92.6,12.9,68,-17.6,0.173,16,,170,0.7,290,29,19,,27.3,
DST,30,Dolphins,MIA,6,56,77.5,88.9,16.3,97,-17.8,1.55,17,,169,0,293,30,27.4,,32.9,
DST,31,Panthers,CAR,5,63.5,75.9,83,9.6,55,-19.3,0.462,17,,170,0.1,318,31,23.2,,19.5,
DST,32,Jets,NYJ,13,55.9,75.4,86.9,15,90,-19.8,0,17,,170,0,325,32,29.3,,31,
DL,1,Maxx Crosby,LVR,13,72.2,86.2,107,19.8,55,19.8,10.8,1,28,,19.5,65,1,3.31,,34.8,7
DL,2,Andrew Van Ginkel,MIN,6,60.7,75.4,99.6,22.7,77,9,2.27,1,31,,8.42,88,2,12.4,,38.9,7
DL,3,Andrew Van Ginkel,MIN,6,60.7,75.4,99.6,22.7,87,9,2.27,1,31,,8.42,88,2,46.7,,38.9,7
DL,4,Myles Garrett,LAR,11,60.8,73.1,87.9,14.4,22,6.72,1.27,1,30,73,19.5,96,3,1.15,Q,27.1,9
DL,5,Brian Burns,NYG,8,52.8,71.8,90.7,19.6,56,5.45,0.343,1,28,,11.9,101,4,8.08,,37.9,7
DL,6,Brian Burns,NYG,8,52.8,71.8,90.7,19.6,80,5.45,0.343,1,28,,11.9,101,4,42.6,,37.9,7
DL,7,Aidan Hutchinson,DET,6,65.1,71.5,81.3,9.19,1,5.11,0.12,1,26,,16.7,103,5,2.08,,16.2,4
DL,8,Aidan Hutchinson,DET,6,65.1,71.5,81.3,9.19,1,5.11,0.12,1,26,,16.7,103,5,2.08,,16.2,4
DL,9,Jeffery Simmons,TEN,9,53.8,71.4,99.1,26,93,4.99,0.671,1,29,,6.72,105,6,12.9,,45.3,7
DL,10,Chase Young,NO,8,60.1,70.7,81.1,10.9,8,4.32,2.74,1,27,,10.6,107,7,26.7,,21,6
DL,11,Nick Bosa,SF,8,57.6,67.9,86.2,17,39,1.58,0.902,1,28,,9.53,123,8,5.69,Q,28.6,7
DL,12,Byron Young,LAR,11,51,67,81.6,22.3,99,0.674,0.674,1,28,,5.86,127,9,,,30.6,3
DL,13,Alex Highsmith,PIT,9,57.1,66.4,82.2,14.8,30,0,0.595,1,29,,7.9,130,10,18.1,,25.1,6
DL,14,Alex Highsmith,PIT,9,57.1,66.4,82.2,14.8,48,0,0.595,1,29,,7.9,130,10,59.8,,25.1,6
DL,15,T.J. Watt,PIT,9,54.6,65.8,83.7,16.8,36,-0.595,0.273,1,31,,16.9,136,11,8.15,,29.1,9
DL,16,T.J. Watt,PIT,9,54.6,65.8,83.7,16.8,59,-0.595,0.273,1,31,,16.9,136,11,44.4,,29.1,9
DL,17,Jared Verse,CLE,11,56.1,65.5,79.3,13,15,-0.868,0.0674,1,25,,7.27,139,12,15.2,,23.2,2
DL,18,Jared Verse,CLE,11,56.1,65.5,79.3,13,47,-0.868,0.0674,1,25,,7.27,139,12,58.8,,23.2,2
DL,19,Will Anderson,HOU,8,55,65.4,81.5,15,29,-0.936,0.848,1,24,,10.9,140,13,3.62,,26.5,3
DL,20,Tuli Tuipulotu,LAC,7,57.1,64.6,75.8,10.5,5,-1.78,0.929,1,23,,10.7,144,14,15.8,,18.7,3
DL,21,Tuli Tuipulotu,LAC,7,57.1,64.6,75.8,10.5,21,-1.78,0.929,1,23,,10.7,144,14,55.6,,18.7,3
DL,22,Tommy Togiai,HOU,8,46.3,63.7,79.4,24,95,-2.71,0.0887,1,26,,2.83,148,15,109,,33.1,5
DL,23,Danielle Hunter,HOU,8,54.3,63.6,78.4,13.9,20,-2.8,3.84,2,31,,11.6,149,16,7,,24.1,11
DL,24,Danielle Hunter,HOU,8,54.3,63.6,78.4,13.9,37,-2.8,3.84,2,31,,11.6,149,16,41.4,,24.1,11
DL,25,Josh Allen,JAC,7,50.1,59.7,74.7,14.1,24,-6.64,0.479,2,29,,7.73,177,17,13.9,,24.6,7
DL,26,Josh Allen,JAC,7,50.1,59.7,74.7,14.1,41,-6.64,0.479,2,29,,7.73,177,17,53.4,,24.6,7
DL,27,Jonathan Greenard,PHI,10,47.4,59.2,75.7,15.6,34,-7.12,0.0289,2,29,,3.65,181,18,29.7,O,28.3,6
DL,28,Jonathan Greenard,PHI,10,47.4,59.2,75.7,15.6,79,-7.12,0.0289,2,29,,3.65,181,18,97.5,O,28.3,6
DL,29,Derrick Brown,CAR,5,46.1,59.2,82.4,21.6,76,-7.15,0.0793,2,28,,3.7,183,19,41.8,Q,36.3,6
DL,30,DeForest Buckner,IND,13,42.5,59.1,85,24.2,91,-7.22,1.14,2,32,,3.86,184,20,24.8,,42.5,10
DL,31,Nathan Shepherd,NO,8,,58,,,,-8.37,0.243,2,32,,,192,21,,,,8
DL,32,Trey Hendrickson,BAL,13,48.9,57.8,68.2,10.2,3,-8.61,0.0124,2,31,,9.5,194,22,21,,19.3,9
DL,33,Trey Hendrickson,BAL,13,48.9,57.8,68.2,10.2,26,-8.61,0.0124,2,31,,9.5,194,22,67.6,,19.3,9
DL,34,Laiatu Latu,IND,13,46.4,57.7,66.8,10.8,7,-8.62,0.477,2,25,,7.37,195,23,15,,20.4,2
DL,35,Nik Bonitto,DEN,10,50.8,57.3,66,8.31,1,-9.1,0.514,2,26,,8.18,201,24,12.5,,15.2,4
DL,36,Nik Bonitto,DEN,10,50.8,57.3,66,8.31,16,-9.1,0.514,2,26,,8.18,201,24,57.3,,15.2,4
DL,37,Carl Granderson,NO,8,47.1,56.8,70.7,13.1,25,-9.61,0.373,2,29,,1.3,204,25,51.8,,23.6,7
DL,38,Carl Granderson,NO,8,47.1,56.8,70.7,13.1,68,-9.61,0.373,2,29,,1.3,204,25,103,,23.6,7
DL,39,Demarcus Lawrence,SEA,11,45.7,56.4,73.9,16.4,49,-9.99,0.868,2,34,,1.82,206,26,45.6,,28.2,12
DL,40,Demarcus Lawrence,SEA,11,45.7,56.4,73.9,16.4,94,-9.99,0.868,2,34,,1.82,206,26,105,,28.2,12
DL,41,Travon Walker,JAC,7,43.7,55.5,74.3,17.6,54,-10.9,0.075,2,25,,4.49,215,27,34.8,,30.6,4
DL,42,Travon Walker,JAC,7,43.7,55.5,74.3,17.6,78,-10.9,0.075,2,25,,4.49,215,27,108,,30.6,4
DL,43,Dallas Turner,MIN,6,41.1,55.4,79.3,22.3,75,-10.9,0.138,2,23,,10.5,218,28,22.9,,38.2,2
DL,44,Dallas Turner,MIN,6,41.1,55.4,79.3,22.3,89,-10.9,0.138,2,23,,10.5,218,28,66.6,,38.2,2
DL,45,Montez Sweat,CHI,10,41.7,55.3,68.9,14.1,23,-11.1,0.00389,2,29,,5.62,221,29,22.3,,27.2,7
DL,46,Cameron Heyward,PIT,9,41.7,55.3,75,18.5,61,-11.1,1.61,2,37,,3.22,222,30,35.7,,33.3,15
DL,47,Gregory Rousseau,BUF,7,41.1,53.7,71.9,17.2,44,-12.7,0.0991,2,26,,4.27,240,31,27.4,,30.8,5
DL,48,Gregory Rousseau,BUF,7,41.1,53.7,71.9,17.2,83,-12.7,0.0991,2,26,,4.27,240,31,92.7,,30.8,5
DL,49,Myles Murphy,CIN,6,44.3,53.6,63.9,10.3,13,-12.8,0.00778,2,24,,7.27,242,32,56.1,Q,19.6,3
DL,50,YaYa Diaby,TB,10,45.9,53.6,66.4,12,33,-12.8,1.31,2,27,,3,243,33,50.2,,20.5,3
DL,51,YaYa Diaby,TB,10,45.9,53.6,66.4,12,64,-12.8,1.31,2,27,,3,243,33,109,,20.5,3
DL,52,Jordan Davis,PHI,10,37.4,52.3,75.6,21.9,92,-14.1,0.651,2,26,,5.45,260,34,71.6,,38.2,4
DL,53,George Karlaftis,KC,5,40.8,51.6,70,17.2,45,-14.7,0.0337,2,25,,2.86,266,35,26.7,,29.2,4
DL,54,Harold Landry,NE,11,33.7,51.6,67.6,17.5,82,-14.8,0.323,2,30,,,267,36,43.7,O,33.9,8
DL,55,Harold Landry,NE,11,33.7,51.6,67.6,17.5,86,-14.8,0.323,2,30,,,267,36,101,O,33.9,8
DL,56,Jalen Redmond,MIN,6,36.2,51.3,75,22.2,72,-15.1,0.256,2,27,,3.53,272,37,53.9,,38.8,4
DL,57,David Bailey,NYJ,13,43.1,51,64.9,13,74,-15.4,0.262,2,22,,8.11,274,38,63.3,,21.8,0
DL,58,David Bailey,NYJ,13,43.1,51,64.9,13,85,-15.4,0.262,2,22,,8.11,274,38,119,,21.8,0
DL,59,Leonard Williams,SEA,11,33.5,50.7,68.4,18.1,52,-15.6,0.584,2,32,,2.16,275,39,28.8,,34.9,11
DL,60,Teair Tart,LAC,7,40.8,50.2,58.7,13,28,-16.2,0.115,2,29,,,279,40,,,17.9,6
DL,61,Boye Mafe,CIN,6,41.8,50,62,11.2,38,-16.3,0.0682,2,27,,1.8,280,41,77.7,,20.2,4
DL,62,Boye Mafe,CIN,6,41.8,50,62,11.2,67,-16.3,0.0682,2,27,,1.8,280,41,121,,20.2,4
DL,63,Jaelan Phillips,CAR,5,43,50,62,11.3,9,-16.4,1.25,3,27,,5.18,281,42,22.7,,19,5
DL,64,Jaelan Phillips,CAR,5,43,50,62,11.3,51,-16.4,1.25,3,27,,5.18,281,42,80,,19,5
DL,65,Jalen Carter,PHI,10,38.1,48.7,67.2,17.2,53,-17.6,0.0741,3,25,,7.92,291,43,46.8,,29.1,3
DL,66,Chop Robinson,MIA,6,38.4,48.7,62.1,12.8,40,-17.7,0.0778,3,23,,3.24,292,44,53.1,,23.7,2
DL,67,Chop Robinson,MIA,6,38.4,48.7,62.1,12.8,62,-17.7,0.0778,3,23,,3.24,292,44,114,,23.7,2
DL,68,Patrick Jones,CAR,5,40.8,48.6,55.6,10.7,97,-17.8,0.0391,3,27,,,295,45,171,,14.8,5
DL,69,Jonah Laulu,LVR,13,35.5,48.5,60.4,18.1,84,-17.8,0.0626,3,26,,,298,46,,,24.9,2
DL,70,Jayson Oweh,WAS,7,39.1,48.5,63.4,14,46,-17.9,0.616,3,27,,1.54,299,47,46.6,Q,24.3,5
DL,71,Jayson Oweh,WAS,7,39.1,48.5,63.4,14,71,-17.9,0.616,3,27,,1.54,299,47,110,Q,24.3,5
DL,72,Jermaine Johnson,TEN,9,37.2,47.9,61.8,13.4,18,-18.5,0.0777,3,27,,6.46,304,48,42.8,,24.6,4
DL,73,Quinnen Williams,DAL,14,30.1,47.8,69,20.7,66,-18.6,0.034,3,28,,4.56,306,49,40.8,,38.9,7
DL,74,Micah Parsons,GB,11,34.3,47.8,58.1,12.4,14,-18.6,0.239,3,27,,11.3,307,50,30.1,O,23.8,5
DL,75,Micah Parsons,GB,11,34.3,47.8,58.1,12.4,90,-18.6,0.239,3,27,,11.3,307,50,99,O,23.8,5
DL,76,Alex Wright,CLE,11,33.5,47.5,60.5,14.1,32,-18.9,0.0217,3,25,,5.4,312,51,47,,27,4
DL,77,Jalyx Hunt,PHI,10,40.3,47.5,57,9.04,6,-18.9,0.0841,3,25,,,314,52,62.8,,16.7,2
DL,78,Jalyx Hunt,PHI,10,40.3,47.5,57,9.04,60,-18.9,0.0841,3,25,,,314,52,127,,16.7,2
DL,79,Abdul Carter,NYG,8,39.9,47.4,59.9,11.7,10,-19,0.123,3,22,,5.52,315,53,19,,20,1
DL,80,Abdul Carter,NYG,8,39.9,47.4,59.9,11.7,43,-19,0.123,3,22,,5.52,315,53,67.5,,20,1
DL,81,Bradley Chubb,BUF,7,37.2,47.3,60.6,12.7,17,-19.1,0.0784,3,30,,5.71,316,54,31.8,,23.4,8
DL,82,Bradley Chubb,BUF,7,37.2,47.3,60.6,12.7,57,-19.1,0.0784,3,30,,5.71,316,54,99.4,,23.4,8
DL,83,Malcolm Roach,DEN,10,27.8,47.2,64.9,26.9,99,-19.2,0.418,3,28,,,317,55,,,37.1,6
DL,84,Will McDonald,NYJ,13,40.2,46.8,54.1,7.3,98,-19.6,0.164,3,27,,2.09,321,56,100,,13.9,3
DL,85,Zach Harrison,ATL,11,31.2,46.6,66.8,19.3,69,-19.7,0.0667,3,25,,,324,57,66.3,,35.6,3
DL,86,Kobie Turner,LAR,11,38.8,46.6,58.7,11.4,11,-19.8,0.675,3,27,,,326,58,53.6,Q,19.9,3
DL,87,Milton Williams,NE,11,32,45.9,58.5,19.2,70,-20.5,0.0123,3,27,,,331,59,75.8,,26.5,5
DL,88,Khalil Mack,LAC,7,37.5,45.9,60.5,13.7,31,-20.5,0.191,3,35,,5.33,332,60,51.8,,23,12
DL,89,Khalil Mack,LAC,7,37.5,45.9,60.5,13.7,63,-20.5,0.191,3,35,,5.33,332,60,113,,23,12
LB,1,Jordyn Brooks,MIA,6,96.2,132,191,55.4,70,21,6.01,1,28,,14.4,61,1,1.31,Q,94.8,6
LB,2,Blake Cashman,MIN,6,87.3,126,193,62.8,92,14.9,6.1,1,30,,11.9,76,2,7.77,,105.7,7
LB,3,Jack Campbell,DET,6,91.6,119,167,44.8,38,8.85,1.99,1,25,,10.4,89,3,2.31,,75.4,3
LB,4,Nick Bolton,KC,5,87.9,117,169,47.9,69,6.86,1.82,1,26,,12.1,94,4,13.3,,81.1,5
LB,5,Ernest Jones,SEA,11,89.1,116,157,39.2,25,5.04,1.32,1,26,,10.4,104,5,6.77,,67.9,5
LB,6,Roquan Smith,BAL,13,91,114,154,36.7,7,3.72,1.14,1,29,,18.3,109,6,3.85,,63,8
LB,7,Foyesade Oluokun,JAC,7,88.2,113,157,41.2,36,2.58,0.227,1,31,,13.3,114,7,7.23,,68.8,8
LB,8,Cedric Gray,TEN,9,82.2,113,168,51.2,85,2.35,0.687,1,23,,8.74,116,8,13.4,,85.8,2
LB,9,Carson Schwesinger,CLE,11,70.8,112,166,51.7,64,1.66,1.66,1,23,,10.6,122,9,3.08,Q,95.2,1
LB,10,Jamien Sherwood,NYJ,13,84.2,111,156,42.5,41,0,0.345,1,26,,10.9,130,10,10.5,,71.8,5
LB,11,Tremaine Edmunds,NYG,8,85.3,110,149,36.1,23,-0.345,0.879,1,28,,14.3,133,11,19,,63.7,8
LB,12,Fred Warner,SF,8,71.1,109,161,48.7,56,-1.22,2.64,1,29,,19.2,141,12,7.54,,89.9,8
LB,13,Quay Walker,LVR,13,69,107,154,45.7,48,-3.87,2.01,1,26,,11.5,160,13,12.4,,85,4
LB,14,Alex Singleton,DEN,10,71.4,105,153,45.8,66,-5.88,5.73,1,32,,11.3,172,14,17.1,,81.6,11
LB,15,Nate Landman,LAR,11,73.2,99,143,40.7,34,-11.6,0.371,1,27,,11.4,224,15,12.5,,69.8,4
LB,16,Barrett Carter,CIN,6,71.7,98.7,146,44.2,49,-12,0.482,1,23,,7.15,229,16,34.5,,74.3,1
LB,17,Devin Bush,CHI,10,68.4,98.2,141,40.5,31,-12.5,0.146,1,28,,10.3,236,17,26.2,,72.6,7
LB,18,Zack Baun,PHI,10,71.3,98,137,37,11,-12.6,0.648,1,29,,11.8,239,18,10.5,,65.7,6
LB,19,Daiyan Henley,LAC,7,66.1,97.4,136,37.3,21,-13.3,0.544,1,26,,11,246,19,26.1,,69.9,3
LB,20,Patrick Queen,PIT,9,71.1,96.8,131,32.4,33,-13.8,0.861,1,27,,8.83,255,20,34.2,,59.9,6
LB,21,Edgerrin Cooper,GB,11,63.8,96,132,35.4,15,-14.7,0.441,1,24,,7.22,265,21,18.9,,68.2,2
LB,22,DeMarvion Overshown,DAL,14,64.2,95.5,139,41.5,67,-15.1,2.17,2,26,,6.82,271,22,43.3,,74.8,3
LB,23,Sonny Styles,WAS,7,70.2,93.4,132,36.5,16,-17.3,0.161,2,21,,13,286,23,17.2,,61.8,0
LB,24,Zaire Franklin,GB,11,69.5,93.2,125,30.5,10,-17.4,0.369,2,30,,15,289,24,17.6,,55.5,8
LB,25,Devin Lloyd,CAR,5,71,92.8,119,25.6,5,-17.8,0.00411,2,27,,12,296,25,24.9,,48,4
LB,26,Robert Spillane,NE,11,54.8,92.8,140,45.3,61,-17.8,1.06,2,30,,11.5,297,26,20.8,,85.2,8
LB,27,Demario Davis,NYJ,13,49.2,91.8,141,48.3,77,-18.9,0.577,2,37,,5.62,313,27,39.2,,91.8,14
LB,28,Terrel Bernard,BUF,7,66.2,91.2,125,31.9,26,-19.4,0.38,2,27,,15.3,320,28,32.2,,58.8,4
LB,29,Kaden Elliss,NO,8,63,90.8,124,32.2,18,-19.8,0.27,2,31,,11.5,327,29,25.5,,61,7
LB,30,Nakobe Dean,LVR,13,44.7,90.6,145,53.2,80,-20.1,0.37,2,25,,6.96,328,30,29.5,,100.3,4
LB,31,Azeez Al-Shaair,HOU,8,54,90.2,132,41.2,46,-20.5,2.12,2,29,,12,330,31,26.7,,78,7
LB,32,T.J. Edwards,CHI,10,45.2,88.1,141,51.5,90,-22.6,0.617,2,30,,8.93,351,32,24.5,,95.8,7
LB,33,Demetrius Knight,CIN,6,66.6,87.4,121,31.3,13,-23.2,2.06,2,26,,3.34,357,33,49.5,,54.4,1
LB,34,Mack Wilson,ARI,14,57.4,85.4,128,40.3,75,-25.2,0.033,2,28,,6.43,368,34,39.1,,70.6,7
LB,35,CJ Allen,IND,13,68.5,85.4,103,18.3,1,-25.3,1.24,2,21,,10.8,370,35,24.5,,34.5,0
LB,36,Tyrel Dodson,MIA,6,70.9,84.1,101,15.9,3,-26.5,0.31,2,28,,8.11,381,36,41.5,,30.1,7
LB,37,Divine Deablo,ATL,11,55.2,83.8,123,37.1,44,-26.8,1.04,2,28,,7.2,384,37,34.2,,67.8,5
LB,38,Quincy Williams,CLE,11,52.3,82.8,121,36.7,20,-27.9,0.0232,2,29,,3.31,394,38,34.4,,68.7,7
LB,39,Eric Wilson,MIN,6,59.9,82.7,115,30.3,28,-27.9,0.172,2,31,,7.58,395,39,43.7,,55.1,9
LB,40,Drue Tranquill,KC,5,61.5,82.6,118,33.3,59,-28.1,3.07,2,31,,4.1,397,40,51.8,Q,56.5,7
LB,41,Jihaad Campbell,PHI,10,52.7,79.5,121,39.1,95,-31.1,1.29,2,26,,4.56,415,41,49.7,,68.3,1
LB,42,Jihaad Campbell,PHI,10,52.7,79.5,121,39.1,95,-31.1,1.29,2,26,,4.56,415,41,49.7,,68.3,1
LB,43,Alex Anzalone,TB,10,50.9,78.2,117,36.2,39,-32.4,1.57,2,31,,10.8,421,42,37.2,,66.1,9
LB,44,Dee Winters,DAL,14,53.9,76.6,104,26.5,43,-34,0.216,2,25,,4.3,428,43,41.8,,50.1,3
LB,45,Dre Greenlaw,SF,8,45.3,76.4,120,41.6,87,-34.2,1.68,2,29,,7.78,429,44,56.8,,74.7,7
LB,46,Arvell Reese,NYG,8,37.6,74.7,123,46.4,99,-35.9,0.678,2,20,,7.13,448,45,22.8,,85.4,0
LB,47,Arvell Reese,NYG,8,37.6,74.7,123,46.4,89,-35.9,0.678,2,20,,7.13,448,45,48.8,,85.4,0
LB,48,Drake Thomas,SEA,11,57.2,74.1,101,25.2,8,-36.6,0.292,2,26,,6.1,452,46,55.7,,43.8,3
LB,49,SirVocea Dennis,TB,10,60.2,73.8,86.1,18.8,84,-36.9,0.354,2,26,,4.37,454,47,97.8,,25.9,3
LB,50,Henry To'oTo'o,HOU,8,44.7,73.4,113,37.7,62,-37.2,0.989,2,25,,6.72,460,48,55.4,,68.3,3
LB,51,Cody Barton,TEN,9,46.9,72.4,101,28.6,72,-38.2,0.288,2,29,,6.07,466,49,69.2,,54.1,7
LB,52,Akeem Davis-Gaither,IND,13,40.6,72.1,114,40.1,98,-38.5,2.14,2,28,,4.03,470,50,59.1,,73.4,6
LB,53,Christian Harris,ATL,11,48.2,70,103,31.1,79,-40.6,0.0167,2,25,,2.5,484,51,70.1,,54.8,4
LB,54,Trevin Wallace,CAR,5,49.8,70,104,32.1,74,-40.7,0.146,2,23,,,485,52,68.8,,54.2,2
LB,55,Frankie Luvu,WAS,7,47.4,69.8,101,29.4,57,-40.8,0.696,2,29,,8.86,487,53,53.3,,53.6,8
LB,56,Derrick Barnes,DET,6,48.4,69.1,97,26.5,52,-41.5,0.136,2,27,,,500,54,69,,48.6,5
LB,57,Josiah Trotter,TB,10,,69,,,93,-41.6,0.116,2,21,,,501,55,61.4,,,0
LB,58,Christian Elliss,NE,11,53.1,68.9,95.8,25.1,30,-41.8,3.36,2,27,,5.5,504,56,65.2,,42.7,5
LB,59,Ventrell Miller,JAC,7,47.2,65.5,94.9,27.5,82,-45.1,1.15,2,27,,4.9,541,57,58.6,,47.7,3
LB,60,Omar Speights,LAR,11,46.3,64.4,90.2,24.4,51,-46.3,1.03,2,25,,3.53,555,58,74,,43.9,2
LB,61,Teddye Buchanan,BAL,13,39.7,63.3,89.6,26.1,54,-47.3,4.56,3,23,,,568,59,67.6,Q,49.9,1
LB,62,Payton Wilson,PIT,9,43.1,58.8,73.6,22.2,2,-51.9,2.08,3,26,,,619,60,46.8,,30.5,2
DB,1,Kyle Hamilton,BAL,13,81.6,99.2,129,27.5,57,5.84,1.37,1,25,,9,100,1,2.08,,47.4,4
DB,2,Kamren Curl,LAR,11,76,97.8,126,27.3,62,4.47,0.808,1,27,,7.49,106,2,7.85,,50,6
DB,3,Talanoa Hufanga,DEN,10,76.6,97,125,26.4,61,3.66,0.34,1,26,,10.8,110,3,13.6,,48.4,5
DB,4,Nick Cross,WAS,7,83.2,96.7,118,20.3,23,3.32,1.25,1,24,,7.85,111,4,4.38,,34.8,4
DB,5,Tykee Smith,TB,10,69.8,95.4,131,33.3,89,2.07,0.034,1,25,,7.27,118,5,6.31,,61.2,2
DB,6,Nick Emmanwori,SEA,11,75.8,95.4,122,25.6,46,2.03,0.0211,1,22,,4.97,119,6,2.77,Q,46.2,1
DB,7,DeShon Elliott,PIT,9,72.6,95.3,120,25.1,59,2.01,1.21,1,29,,7.46,120,7,16.6,,47.4,8
DB,8,Jessie Bates,ATL,11,81.4,94.1,117,21.4,31,0.804,0.151,1,29,,6.48,125,8,6.85,,35.6,8
DB,9,Budda Baker,ARI,14,71.6,94,127,30.9,80,0.653,0.653,1,30,,9.62,128,9,6.38,,55.4,9
DB,10,Antoine Winfield,TB,10,71.4,93.3,115,22.7,41,0,1.46,1,28,,9.46,130,10,15.6,,43.6,6
DB,11,Kamari Lassiter,HOU,8,75.4,91.9,117,23.2,51,-1.46,0.829,1,23,,3.53,142,11,33.5,,41.6,2
DB,12,Xavier McKinney,GB,11,72.8,91,118,25.6,52,-2.29,0.135,1,27,,6.94,145,12,14.8,,45.2,6
DB,13,Xavier Watts,ATL,11,77.4,90.9,111,18.8,21,-2.42,0.655,1,24,,3.86,146,13,20.7,,33.6,1
DB,14,Julian Love,SEA,11,78.4,90.3,102,12.4,7,-3.08,0.328,1,28,,7.01,150,14,25.7,,23.6,7
DB,15,Chamarri Conner,KC,5,74.9,89.9,116,24.3,49,-3.41,0.45,1,26,,6.24,152,15,16.2,,41.1,3
DB,16,Trevon Moehrig,CAR,5,74.5,89.5,114,23.1,38,-3.86,0.0117,1,27,,7.39,159,16,12.1,,39.5,5
DB,17,Kevin Byard,NE,11,79.9,89.5,103,12.8,11,-3.87,0.0688,1,33,,6.55,161,17,16.5,,23.1,10
DB,18,Jeremy Chinn,LVR,13,67.1,89.4,124,32.6,84,-3.94,0.508,1,28,,8.9,162,18,9.23,,56.9,6
DB,19,Derwin James,LAC,7,67.3,88.9,122,30.8,82,-4.45,0.423,1,30,,11.6,164,19,3.54,,54.7,8
DB,20,Jordan Battle,CIN,6,71.3,88.5,119,28.7,74,-4.87,0.497,1,25,,4.22,165,20,13.6,,47.7,3
DB,21,Marcus Jones,NE,11,79.2,88,97.2,13.1,25,-5.37,0.266,1,27,,4.34,169,21,76.4,,18,4
DB,22,Jaquan Brisker,PIT,9,65.8,87.7,118,29.1,75,-5.63,0.492,1,27,,2.38,170,22,27.9,Q,52.2,4
DB,23,Tyson Campbell,CLE,11,74.9,87.2,108,19.6,48,-6.13,0.00111,1,26,,,173,23,67.4,,33.1,5
DB,24,Devon Witherspoon,SEA,11,70.3,87.2,110,21.8,36,-6.13,0.164,1,25,,3.38,174,24,29.2,,39.7,3
DB,25,Cole Bishop,BUF,7,69.1,87,115,26.1,64,-6.29,0.617,1,23,,,175,25,38.6,,45.9,2
DB,26,Cooper DeJean,PHI,10,66.5,86.4,102,18.6,30,-6.91,0.0847,1,23,,3.96,178,26,22.3,Q,35.5,2
DB,27,Marlon Humphrey,BAL,13,77.3,86.3,95.7,9.65,15,-6.99,0.0312,1,30,,2.98,179,27,50,,18.4,9
DB,28,Alohi Gilman,KC,5,53.4,86.3,114,32.1,98,-7.02,0.417,1,28,,5.09,180,28,75.5,,60.6,6
DB,29,Amani Hooker,TEN,9,65.2,85.9,108,22.4,56,-7.44,0.663,1,28,,,187,29,43.9,,42.8,7
DB,30,Minkah Fitzpatrick,NYJ,13,72.5,85.2,108,21,39,-8.1,0.277,1,29,,3.29,190,30,39.5,,35.5,8
DB,31,Nick Scott,CAR,5,62.5,85,114,28.1,97,-8.38,0.315,1,31,,1.37,193,31,73.7,,51.5,7
DB,32,Paulson Adebo,NYG,8,59.7,84.6,112,27.5,67,-8.7,0.184,1,27,,3.65,196,32,29.2,Q,52.3,5
DB,33,Quentin Lake,LAR,11,61.2,84.5,112,27,70,-8.88,0.169,1,27,,5.88,199,33,13.1,,50.8,4
DB,34,Alontae Taylor,TEN,9,71.4,84.3,98,13.9,16,-9.05,0.259,1,27,,1.82,200,34,37.3,,26.6,4
DB,35,Justin Reid,NO,8,62.4,84,111,26,72,-9.31,0.0212,1,29,,,202,35,61.4,,48.6,8
DB,36,Josh Metellus,MIN,6,58.1,84,116,31.2,92,-9.33,0.285,1,28,,,203,36,27.9,,57.9,6
DB,37,Michael Jackson,CAR,5,81.3,83.7,86.3,3.68,2,-9.61,0.661,2,29,,3.34,205,37,65.2,,5,7
DB,38,Michael Jackson,CAR,5,81.3,83.7,86.3,3.68,2,-9.61,0.661,2,29,,3.34,205,37,65.2,,5,7
DB,39,Brandon Jones,DEN,10,66.8,83.1,106,21.6,33,-10.3,0.0318,2,28,,,209,38,32.1,,39.2,6
DB,40,Christian Gonzalez,NE,11,65.2,83,106,22,34,-10.3,0.177,2,24,,1.49,210,39,64.3,Q,40.8,3
DB,41,Dillon Thieneman,CHI,10,72.1,82.9,102,18.2,26,-10.5,0.0336,2,22,,5.04,211,40,28.4,,29.9,0
DB,42,Malik Mustapha,SF,8,61.3,82.8,115,30.7,90,-10.5,0.317,2,24,,,212,41,41.2,Q,53.7,2
DB,43,Zayne Anderson,MIA,6,,82.5,,,99,-10.8,0.666,2,29,,,214,42,178,,,5
DB,44,Jalen Thompson,DAL,14,59.6,81.8,113,29.8,79,-11.5,0.421,2,28,,,223,43,33,,53.4,7
DB,45,DaRon Bland,DAL,14,63.2,81.4,111,27.7,85,-11.9,0.14,2,27,,2.3,228,44,56.7,,47.8,4
DB,46,Jalen Pitre,HOU,8,55,81.3,108,27.5,69,-12.1,0.65,2,27,,3.14,231,45,22.8,,53,4
DB,47,Kool-Aid McKinstry,NO,8,69.3,80.6,94.4,13.4,43,-12.7,0.864,2,23,,2.11,241,46,83.8,,25.1,2
DB,48,Ronnie Hickman,CLE,11,61.2,79.8,111,29.5,95,-13.6,0.0187,2,24,,,250,47,75.6,,49.8,3
DB,49,Kamren Kinchens,LAR,11,70.2,79.7,89.8,14.2,44,-13.6,0.267,2,23,,7.7,252,48,52.9,,19.6,2
DB,50,Keisean Nixon,GB,11,67.2,79.5,94.6,14.6,18,-13.9,0.962,2,29,,,257,49,77.2,,27.4,7
DB,51,Evan Williams,GB,11,58.3,78.5,109,28.6,77,-14.8,0.0112,2,25,,,268,50,45.2,,50.7,2
DB,52,Nate Wiggins,BAL,13,73.9,78.5,83.4,6.86,5,-14.8,0.0471,2,22,,,269,51,92.6,,9.5,2
DB,53,Riley Moss,DEN,10,77,78.5,80,2.12,1,-14.9,0.287,2,26,,2.33,270,52,52.3,,3,3
DB,54,Bryan Cook,CIN,6,62.1,78.2,106,25.7,87,-15.2,1.55,2,26,,,273,53,80.3,Q,43.9,4
DB,55,Zyon McCollum,TB,10,57.4,76.6,102,23.8,66,-16.7,0.552,2,27,,,283,54,73.4,Q,44.6,4
DB,56,Camryn Bynum,IND,13,67.2,76.1,85.4,13.2,13,-17.3,0.0228,2,28,,4.8,287,55,34.8,,18.2,5
DB,57,Craig Woodson,NE,11,56.4,76,102,25.1,54,-17.3,0.49,2,25,,,288,56,60,,45.6,1
DB,58,Brian Branch,DET,6,61.1,75.5,89.2,14.5,20,-17.8,0.414,2,24,,5.26,294,57,18,O,28.1,3
DB,59,A.J. Terrell,ATL,11,63.2,75.1,92.2,16.2,8,-18.2,0.278,2,27,,,301,58,,,29,6
DB,60,A.J. Terrell,ATL,11,63.2,75.1,92.2,16.2,8,-18.2,0.278,2,27,,,301,58,,,29,6
DB,61,Trent McDuffie,LAR,11,48.8,74.9,107,31.3,93,-18.5,0.05,2,25,,,303,59,63.6,,58.2,4
DB,62,Grant Delpit,CLE,11,58.7,74.8,96.5,20.6,28,-18.5,0.908,2,27,,2.42,305,60,37.5,,37.8,6
