player,pos,team,ecr,rank,scrape_date
Jahmyr Gibbs,RB,DET,1.0,1,2026-10-02
Bijan Robinson,RB,ATL,3.0,2,2026-10-02
Ja'Marr Chase,WR,CIN,4.0,3,2026-10-02
Jaxon Smith-Njigba,WR,SEA,4.0,4,2026-10-02
Kenneth Walker III,RB,KC,5.5,5,2026-10-02
Jonathan Taylor,RB,IND,5.67,6,2026-10-02
Amon-Ra St. Brown,WR,DET,7.0,7,2026-10-02
CeeDee Lamb,WR,DAL,9.5,8,2026-10-02
Puka Nacua,WR,LAR,9.67,9,2026-10-02
Christian McCaffrey,RB,SF,10.17,10,2026-10-02
Chase Brown,RB,CIN,12.0,11,2026-10-02
Justin Jefferson,WR,MIN,12.17,12,2026-10-02
Chris Olave,WR,NO,12.17,13,2026-10-02
James Cook III,RB,BUF,12.67,14,2026-10-02
Ashton Jeanty,RB,LV,15.67,15,2026-10-02
Derrick Henry,RB,BAL,17.33,16,2026-10-02
Drake London,WR,ATL,18.0,17,2026-10-02
Zay Flowers,WR,BAL,18.5,18,2026-10-02
Saquon Barkley,RB,PHI,21.67,19,2026-10-02
Nico Collins,WR,HOU,22.5,20,2026-10-02
George Pickens,WR,DAL,23.33,21,2026-10-02
DeVonta Smith,WR,PHI,23.67,22,2026-10-02
Javonte Williams,RB,DAL,24.33,23,2026-10-02
Josh Allen,QB,BUF,25.0,24,2026-10-02
Lamar Jackson,QB,BAL,27.0,25,2026-10-02
Parker Washington,WR,JAC,28.0,26,2026-10-02
Jeremiyah Love,RB,ARI,30.0,27,2026-10-02
D'Andre Swift,RB,CHI,30.67,28,2026-10-02
Trey McBride,TE,ARI,31.0,29,2026-10-02
Brock Bowers,TE,LV,31.0,30,2026-10-02
Garrett Wilson,WR,NYJ,32.5,31,2026-10-02
Malik Nabers,WR,NYG,32.67,32,2026-10-02
Jaylen Waddle,WR,DEN,33.17,33,2026-10-02
Christian Watson,WR,GB,34.0,34,2026-10-02
Kyren Williams,RB,LAR,36.0,35,2026-10-02
Omarion Hampton,RB,LAC,36.5,36,2026-10-02
Brock Purdy,QB,SF,37.5,37,2026-10-02
Tee Higgins,WR,CIN,37.67,38,2026-10-02
Tetairoa McMillan,WR,CAR,38.0,39,2026-10-02
Davante Adams,WR,LAR,41.67,40,2026-10-02
DJ Moore,WR,BUF,42.83,41,2026-10-02
Ladd McConkey,WR,LAC,43.67,42,2026-10-02
Breece Hall,RB,NYJ,44.0,43,2026-10-02
Rashee Rice,WR,KC,44.17,44,2026-10-02
Bucky Irving,RB,TB,46.17,45,2026-10-02
Joe Burrow,QB,CIN,48.33,46,2026-10-02
Emeka Egbuka,WR,TB,51.33,47,2026-10-02
Luther Burden III,WR,CHI,51.67,48,2026-10-02
Cam Skattebo,RB,NYG,53.0,49,2026-10-02
Jalen Hurts,QB,PHI,53.17,50,2026-10-02
Mike Evans,WR,SF,53.17,51,2026-10-02
Bhayshul Tuten,RB,JAC,53.67,52,2026-10-02
Trevor Lawrence,QB,JAC,54.33,53,2026-10-02
Terry McLaurin,WR,WAS,56.17,54,2026-10-02
A.J. Brown,WR,NE,56.33,55,2026-10-02
David Montgomery,RB,HOU,56.5,56,2026-10-02
Josh Downs,WR,IND,58.17,57,2026-10-02
Jalen Coker,WR,CAR,59.67,58,2026-10-02
Jameson Williams,WR,DET,60.67,59,2026-10-02
Patrick Mahomes II,QB,KC,60.83,60,2026-10-02
Chuba Hubbard,RB,CAR,62.67,61,2026-10-02
Matthew Golden,WR,GB,64.0,62,2026-10-02
Quinshon Judkins,RB,CLE,66.5,63,2026-10-02
Rome Odunze,WR,CHI,67.83,64,2026-10-02
TreVeyon Henderson,RB,NE,68.17,65,2026-10-02
Stefon Diggs,WR,WAS,68.5,66,2026-10-02
Dak Prescott,QB,DAL,70.17,67,2026-10-02
Deebo Samuel Sr.,WR,SF,71.0,68,2026-10-02
Travis Etienne Jr.,RB,NO,71.17,69,2026-10-02
Jaylen Warren,RB,PIT,71.33,70,2026-10-02
DK Metcalf,WR,PIT,71.83,71,2026-10-02
Tyler Warren,TE,IND,72.67,72,2026-10-02
Chris Godwin Jr.,WR,TB,73.33,73,2026-10-02
Carnell Tate,WR,TEN,74.17,74,2026-10-02
Michael Wilson,WR,ARI,75.67,75,2026-10-02
Jared Goff,QB,DET,76.5,76,2026-10-02
Rhamondre Stevenson,RB,NE,76.67,77,2026-10-02
Jadarian Price,RB,SEA,78.17,78,2026-10-02
Denzel Boston,WR,CLE,79.5,79,2026-10-02
KC Concepcion Jr.,WR,CLE,79.67,80,2026-10-02
Courtland Sutton,WR,DEN,80.83,81,2026-10-02
Dalton Kincaid,TE,BUF,83.5,82,2026-10-02
Colston Loveland,TE,CHI,85.33,83,2026-10-02
Caleb Williams,QB,CHI,86.0,84,2026-10-02
Wan'Dale Robinson,WR,TEN,86.0,85,2026-10-02
Jakobi Meyers,WR,JAC,87.5,86,2026-10-02
Jordan Addison,WR,MIN,89.67,87,2026-10-02
George Kittle,TE,SF,90.33,88,2026-10-02
Tyler Shough,QB,NO,90.5,89,2026-10-02
Romeo Doubs,WR,NE,92.33,90,2026-10-02
Sam LaPorta,TE,DET,93.83,91,2026-10-02
Brian Thomas Jr.,WR,JAC,94.33,92,2026-10-02
Harold Fannin Jr.,TE,CLE,95.67,93,2026-10-02
Drake Maye,QB,NE,96.5,94,2026-10-02
Travis Kelce,TE,KC,97.83,95,2026-10-02
Matthew Stafford,QB,LAR,98.0,96,2026-10-02
Makai Lemon,WR,PHI,99.33,97,2026-10-02
Quentin Johnston,WR,LAC,99.67,98,2026-10-02
Tucker Kraft,TE,GB,99.67,99,2026-10-02
Adonai Mitchell,WR,NYJ,101.5,100,2026-10-02
Khalil Shakir,WR,BUF,102.67,101,2026-10-02
Jordan Love,QB,GB,103.0,102,2026-10-02
Blake Corum,RB,LAR,103.83,103,2026-10-02
Marvin Harrison Jr.,WR,ARI,105.33,104,2026-10-02
Dontayvion Wicks,WR,PHI,106.67,105,2026-10-02
Bryce Young,QB,CAR,107.0,106,2026-10-02
Aaron Jones Sr.,RB,MIN,107.83,107,2026-10-02
Justin Herbert,QB,LAC,108.67,108,2026-10-02
Bo Nix,QB,DEN,110.0,109,2026-10-02
Xavier Worthy,WR,KC,113.0,110,2026-10-02
Juwan Johnson,TE,NO,113.67,111,2026-10-02
Alec Pierce,WR,IND,115.83,112,2026-10-02
Jordyn Tyson,WR,NO,117.5,113,2026-10-02
Jacory Croskey-Merritt,RB,WAS,118.33,114,2026-10-02
Isaiah Likely,TE,NYG,118.5,115,2026-10-02
Michael Pittman Jr.,WR,PIT,119.17,116,2026-10-02
Malik Willis,QB,MIA,122.67,117,2026-10-02
Kyle Pitts Sr.,TE,ATL,124.0,118,2026-10-02
Dallas Goedert,TE,PHI,124.67,119,2026-10-02
Tre Tucker,WR,LV,124.67,120,2026-10-02
Kyler Murray,QB,MIN,125.0,121,2026-10-02
Jayden Daniels,QB,WAS,125.67,122,2026-10-02
Mark Andrews,TE,BAL,128.17,123,2026-10-02
Kyle Monangai,RB,CHI,128.17,124,2026-10-02
Tony Pollard,RB,TEN,129.0,125,2026-10-02
Keenan Allen,WR,IND,129.17,126,2026-10-02
Devaughn Vele,WR,NO,129.5,127,2026-10-02
Sam Darnold,QB,SEA,131.0,128,2026-10-02
Dalton Schultz,TE,HOU,131.17,129,2026-10-02
Jake Ferguson,TE,DAL,132.5,130,2026-10-02
Pat Bryant,WR,DEN,133.33,131,2026-10-02
Rico Dowdle,RB,PIT,134.33,132,2026-10-02
Brenton Strange,TE,JAC,135.67,133,2026-10-02
J.K. Dobbins,RB,DEN,136.0,134,2026-10-02
C.J. Stroud,QB,HOU,136.67,135,2026-10-02
Tre' Harris,WR,LAC,136.83,136,2026-10-02
Geno Smith,QB,NYJ,137.0,137,2026-10-02
RJ Harvey,RB,DEN,137.17,138,2026-10-02
Caleb Douglas,WR,MIA,139.5,139,2026-10-02
Josh Jacobs,RB,GB,140.83,140,2026-10-02
Kayshon Boutte,WR,HOU,143.33,141,2026-10-02
Terrance Ferguson,TE,LAR,143.67,142,2026-10-02
Rashid Shaheed,WR,SEA,143.83,143,2026-10-02
Hunter Henry,TE,NE,144.17,144,2026-10-02
Kenyon Sadiq,TE,NYJ,144.33,145,2026-10-02
Daniel Jones,QB,IND,146.67,146,2026-10-02
Rashod Bateman,WR,BAL,149.17,147,2026-10-02
Rachaad White,RB,WAS,150.67,148,2026-10-02
Malik Washington,WR,MIA,152.67,149,2026-10-02
Houston Texans,DST,HOU,152.67,150,2026-10-02
T.J. Hockenson,TE,MIN,153.5,151,2026-10-02
Oronde Gadsden II,TE,LAC,154.33,152,2026-10-02
Baker Mayfield,QB,TB,157.67,153,2026-10-02
AJ Barner,TE,SEA,157.83,154,2026-10-02
Chig Okonkwo,TE,WAS,158.17,155,2026-10-02
Greg Dulcich,TE,MIA,160.0,156,2026-10-02
Chris Bell,WR,MIA,161.17,157,2026-10-02
Jordan Mason,RB,MIN,161.67,158,2026-10-02
Seattle Seahawks,DST,SEA,162.0,159,2026-10-02
Jonah Coleman,RB,DEN,163.33,160,2026-10-02
Malachi Fields,WR,NYG,163.67,161,2026-10-02
Pat Freiermuth,TE,PIT,164.5,162,2026-10-02
Kenny Gainwell,RB,TB,165.33,163,2026-10-02
De'Zhaun Stribling,WR,SF,165.67,164,2026-10-02
Kaelon Black,RB,SF,165.67,165,2026-10-02
Darren Waller,TE,CAR,166.67,166,2026-10-02
Jacoby Brissett,QB,ARI,167.5,167,2026-10-02
Michael Penix Jr.,QB,ATL,168.67,168,2026-10-02
MarShawn Lloyd,RB,GB,171.67,169,2026-10-02
Denver Broncos,DST,DEN,171.67,170,2026-10-02
Los Angeles Rams,DST,LAR,172.0,171,2026-10-02
Cade Otton,TE,TB,172.83,172,2026-10-02
Mike Washington Jr.,RB,LV,174.0,173,2026-10-02
Jonathon Brooks,RB,CAR,174.33,174,2026-10-02
Gunnar Helm,TE,TEN,174.5,175,2026-10-02
Philadelphia Eagles,DST,PHI,174.67,176,2026-10-02
Woody Marks,RB,HOU,174.67,177,2026-10-02
Emmett Johnson,RB,KC,174.83,178,2026-10-02
Ted Hurst III,WR,TB,180.83,179,2026-10-02
Antonio Williams,WR,WAS,181.17,180,2026-10-02
Keaton Mitchell,RB,LAC,184.33,181,2026-10-02
Jaylin Noel,WR,HOU,185.83,182,2026-10-02
Kalif Raymond,WR,CHI,186.33,183,2026-10-02
Brandon Aubrey,K,DAL,187.0,184,2026-10-02
Braelon Allen,RB,NYJ,187.33,185,2026-10-02
Pittsburgh Steelers,DST,PIT,187.5,186,2026-10-02
Tyler Allgeier,RB,ARI,188.67,187,2026-10-02
Jacksonville Jaguars,DST,JAC,189.33,188,2026-10-02
Minnesota Vikings,DST,MIN,190.83,189,2026-10-02
Ryan Flournoy,WR,DAL,191.67,190,2026-10-02
Ka'imi Fairbairn,K,HOU,193.0,191,2026-10-02
New England Patriots,DST,NE,193.5,192,2026-10-02
Jalen Nailor,WR,LV,194.0,193,2026-10-02
Evan Engram,TE,DEN,195.0,194,2026-10-02
Jerry Jeudy,WR,CLE,196.17,195,2026-10-02
Cam Little,K,JAC,197.5,196,2026-10-02
Baltimore Ravens,DST,BAL,197.67,197,2026-10-02
Cameron Dicker,K,LAC,197.8,198,2026-10-02
Ollie Gordon II,RB,MIA,199.33,199,2026-10-02
Kansas City Chiefs,DST,KC,200.33,200,2026-10-02
Jason Myers,K,SEA,200.33,201,2026-10-02
Omar Cooper Jr.,WR,NYJ,200.67,202,2026-10-02
Aaron Rodgers,QB,PIT,202.33,203,2026-10-02
Tyjae Spears,RB,TEN,203.83,204,2026-10-02
Jaylen Wright,RB,MIA,204.83,205,2026-10-02
Tennessee Titans,DST,TEN,206.0,206,2026-10-02
Alvin Kamara,RB,NO,207.0,207,2026-10-02
Charlie Kolar,TE,LAC,207.67,208,2026-10-02
San Francisco 49ers,DST,SF,208.8,209,2026-10-02
Mike Gesicki,TE,CIN,208.83,210,2026-10-02
Las Vegas Raiders,DST,LV,209.67,211,2026-10-02
Cincinnati Bengals,DST,CIN,210.67,212,2026-10-02
Ja'Kobi Lane,WR,BAL,211.33,213,2026-10-02
David Njoku,TE,LAC,211.6,214,2026-10-02
Eddy Pineiro,K,SF,212.5,215,2026-10-02
Matt Gay,K,LV,213.0,216,2026-10-02
Jauan Jennings,WR,MIN,213.0,217,2026-10-02
Chris Rodriguez Jr.,RB,JAC,213.83,218,2026-10-02
Tank Bigsby,RB,PHI,214.5,219,2026-10-02
Los Angeles Chargers,DST,LAC,214.83,220,2026-10-02
Green Bay Packers,DST,GB,215.25,221,2026-10-02
Evan McPherson,K,CIN,216.5,222,2026-10-02
Zach Charbonnet,RB,SEA,217.33,223,2026-10-02
Tyler Loop,K,BAL,218.0,224,2026-10-02
Brian Robinson Jr.,RB,ATL,221.0,225,2026-10-02
Cooper Kupp,WR,SEA,222.17,226,2026-10-02
Cleveland Browns,DST,CLE,224.0,227,2026-10-02
Chase McLaughlin,K,TB,225.0,228,2026-10-02
Jalen McMillan,WR,TB,225.0,229,2026-10-02
Cam Ward,QB,TEN,225.33,230,2026-10-02
Jake Bates,K,DET,225.5,231,2026-10-02
Michael Mayer,TE,LV,226.8,232,2026-10-02
Cairo Santos,K,CHI,227.0,233,2026-10-02
Colby Parkinson,TE,LAR,227.33,234,2026-10-02
Isaac TeSlaa,WR,DET,228.83,235,2026-10-02
Germie Bernard,WR,PIT,230.83,236,2026-10-02
Harrison Mevis,K,LAR,231.67,237,2026-10-02
Kirk Cousins,QB,LV,234.33,238,2026-10-02
Ray Davis,RB,BUF,235.67,239,2026-10-02
Calvin Ridley,WR,TEN,237.0,240,2026-10-02
Kaleb Johnson,RB,GB,237.33,241,2026-10-02
Harrison Butker,K,KC,239.33,242,2026-10-02
Detroit Lions,DST,DET,239.6,243,2026-10-02
Keon Coleman,WR,BUF,239.83,244,2026-10-02
Bryce Lance,WR,NO,241.33,245,2026-10-02
Tory Horton,WR,SEA,241.5,246,2026-10-02
Buffalo Bills,DST,BUF,242.83,247,2026-10-02
Cyrus Allen,WR,KC,244.0,248,2026-10-02
Travis Hunter,WR,JAC,244.67,249,2026-10-02
Tyler Bass,K,BUF,246.8,250,2026-10-02
Najee Harris,RB,NYG,246.83,251,2026-10-02
Mason Taylor,TE,NYJ,247.0,252,2026-10-02
Darnell Mooney,WR,NYG,247.33,253,2026-10-02
Emanuel Wilson,RB,SEA,247.33,254,2026-10-02
Marcus Mariota,QB,WAS,248.17,255,2026-10-02
DeMario Douglas,WR,NE,249.17,256,2026-10-02
Ryan Fitzgerald,K,CAR,250.0,257,2026-10-02
Will Reichard,K,MIN,251.4,258,2026-10-02
Tyquan Thornton,WR,KC,252.5,259,2026-10-02
Daniel Carlson,K,NO,253.0,260,2026-10-02
Kimani Vidal,RB,LAC,253.0,261,2026-10-02
Trey Smack,K,GB,254.5,262,2026-10-02
Kyle Williams,WR,NE,255.4,263,2026-10-02
Wil Lutz,K,DEN,257.0,264,2026-10-02
Kendre Miller,RB,NO,257.33,265,2026-10-02
New Orleans Saints,DST,NO,257.6,266,2026-10-02
Kendrick Bourne,WR,ARI,257.67,267,2026-10-02
Zachariah Branch,WR,ATL,258.33,268,2026-10-02
Erick All Jr.,TE,CIN,259.0,269,2026-10-02
Andy Borregales,K,NE,259.67,270,2026-10-02
Eli Raridon,TE,NE,259.8,271,2026-10-02
Troy Franklin,WR,DEN,260.0,272,2026-10-02
Kaytron Allen,RB,WAS,260.33,273,2026-10-02
Chris Boswell,K,PIT,260.5,274,2026-10-02
Darnell Washington,TE,PIT,261.0,275,2026-10-02
Darius Slayton,WR,IND,261.0,276,2026-10-02
Noah Fant,TE,NO,261.67,277,2026-10-02
Mack Hollins,WR,NE,262.5,278,2026-10-02
Indianapolis Colts,DST,IND,262.5,279,2026-10-02
Theo Johnson,TE,NYG,263.0,280,2026-10-02
Dylan Sampson,RB,CLE,265.0,281,2026-10-02
Tank Dell,WR,HOU,265.0,282,2026-10-02
Konata Mumpfield,WR,LAR,265.0,283,2026-10-02
Eli Stowers,TE,PHI,267.0,284,2026-10-02
Samaje Perine,RB,CIN,268.33,285,2026-10-02
George Holani,RB,SEA,268.83,286,2026-10-02
Kevin Coleman Jr.,WR,MIA,269.2,287,2026-10-02
Jack Bech,WR,LV,269.4,288,2026-10-02
Tampa Bay Buccaneers,DST,TB,270.33,289,2026-10-02
Dallas Cowboys,DST,DAL,270.5,290,2026-10-02
Elijah Sarratt,WR,BAL,270.6,291,2026-10-02
Chimere Dike,WR,TEN,271.6,292,2026-10-02
Tyler Higbee,TE,LAR,273.2,293,2026-10-02
Tyrone Tracy Jr.,RB,NYG,273.5,294,2026-10-02
New York Jets,DST,NYJ,274.0,295,2026-10-02
Deshaun Watson,QB,CLE,275.17,296,2026-10-02
Jameis Winston,QB,NYG,275.33,297,2026-10-02
Justice Hill,RB,BAL,276.17,298,2026-10-02
Elic Ayomanor,WR,TEN,276.5,299,2026-10-02
Roman Wilson,WR,PIT,276.83,300,2026-10-02
Carolina Panthers,DST,CAR,277.0,301,2026-10-02
Marlin Klein,TE,HOU,277.0,302,2026-10-02
Marvin Mims Jr.,WR,DEN,277.2,303,2026-10-02
Nicholas Singleton,RB,TEN,279.5,304,2026-10-02
Chicago Bears,DST,CHI,280.0,305,2026-10-02
Jahan Dotson,WR,ATL,280.0,306,2026-10-02
Chris Brooks,RB,GB,280.67,307,2026-10-02
Seth McGowan,RB,IND,280.67,308,2026-10-02
Jonnu Smith,TE,GB,281.0,309,2026-10-02
Jake Tonges,TE,SF,281.0,310,2026-10-02
Joshua Palmer,WR,BUF,281.0,311,2026-10-02
Cole Kmet,TE,CHI,283.0,312,2026-10-02
Andrei Iosivas,WR,CIN,283.4,313,2026-10-02
Barion Brown,WR,NO,284.0,314,2026-10-02
Elijah Arroyo,TE,SEA,284.5,315,2026-10-02
Sean Tucker,RB,TB,285.5,316,2026-10-02
Matt Hibner,TE,BAL,286.0,317,2026-10-02
Spencer Shrader,K,IND,287.0,318,2026-10-02
Devin Singletary,RB,NYG,288.2,319,2026-10-02
Demond Claiborne,RB,MIN,289.0,320,2026-10-02
Malik Benson,WR,LV,290.0,321,2026-10-02
Raheim Sanders,RB,CLE,291.2,322,2026-10-02
Fernando Mendoza,QB,LV,291.5,323,2026-10-02
Xavier Hutchinson,WR,HOU,291.67,324,2026-10-02
Jordan James,RB,SF,292.6,325,2026-10-02
James Conner,RB,ARI,292.6,326,2026-10-02
Emari Demercado,RB,DAL,293.2,327,2026-10-02
Christian Kirk,WR,SF,293.4,328,2026-10-02
Xavier Legette,WR,CAR,293.6,329,2026-10-02
Dawson Knox,TE,BUF,293.67,330,2026-10-02
Colbie Young,WR,CIN,295.0,331,2026-10-02
Sione Vaki,RB,DET,295.5,332,2026-10-02
Skyler Bell,WR,BUF,295.6,333,2026-10-02
Mitchell Evans,TE,CAR,297.0,334,2026-10-02
Isiah Pacheco,RB,DET,298.0,335,2026-10-02
Zach Ertz,TE,PHI,299.0,336,2026-10-02
DJ Giddens,RB,IND,301.6,337,2026-10-02
Isaiah Davis,RB,NYJ,302.83,338,2026-10-02
Eli Heidenreich,RB,PIT,303.25,339,2026-10-02
Oscar Delp,TE,NO,305.0,340,2026-10-02
Will Shipley,RB,PHI,306.8,341,2026-10-02
Brenen Thompson,WR,LAC,307.5,342,2026-10-02
J.J. McCarthy,QB,NYG,308.0,343,2026-10-02
Zavion Thomas,WR,CHI,308.0,344,2026-10-02
Shedeur Sanders,QB,CLE,308.2,345,2026-10-02
Jalen Tolbert,WR,MIA,309.0,346,2026-10-02
Tutu Atwell,WR,LAR,309.0,347,2026-10-02
Bam Knight,RB,ARI,309.25,348,2026-10-02
Hollywood Brown,WR,PHI,309.5,349,2026-10-02
Ty Johnson,RB,BUF,310.4,350,2026-10-02
LeQuint Allen Jr.,RB,JAC,312.0,351,2026-10-02
New York Giants,DST,NYG,312.0,352,2026-10-02
Jawhar Jordan,RB,HOU,312.5,353,2026-10-02
Ben Sinnott,TE,WAS,313.0,354,2026-10-02
Noah Gray,TE,KC,314.0,355,2026-10-02
Cedric Tillman,WR,NO,315.0,356,2026-10-02
Tyson Bagent,QB,CHI,315.5,357,2026-10-02
Kareem Hunt,RB,FA,316.0,358,2026-10-02
Justin Fields,QB,KC,316.0,359,2026-10-02
CJ Daniels,WR,LAR,317.0,360,2026-10-02
Phil Mafah,RB,NYG,317.5,361,2026-10-02
Tua Tagovailoa,QB,ATL,318.2,362,2026-10-02
Adam Randall,RB,BAL,318.2,363,2026-10-02
Austin Ekeler,RB,WAS,319.0,364,2026-10-02
Jarquez Hunter,RB,MIA,319.2,365,2026-10-02
Brashard Smith,RB,KC,319.25,366,2026-10-02
Carson Wentz,QB,MIN,320.0,367,2026-10-02
Deion Burks,WR,IND,321.0,368,2026-10-02
Joe Flacco,QB,CIN,322.0,369,2026-10-02
Jacob Saylors,RB,DET,323.0,370,2026-10-02
Jaydon Blue,RB,PHI,324.0,371,2026-10-02
Trevor Etienne,RB,CAR,324.2,372,2026-10-02
Trey Benson,RB,ARI,325.0,373,2026-10-02
Devin Neal,RB,MIN,326.0,374,2026-10-02
Odell Beckham Jr.,WR,FA,326.0,375,2026-10-02
Ja'Tavion Sanders,TE,CAR,327.0,376,2026-10-02
J'Mari Taylor,RB,JAC,327.5,377,2026-10-02
Carson Beck,QB,ARI,327.75,378,2026-10-02
Tommy Tremble,TE,CAR,328.0,379,2026-10-02
Audric Estime,RB,MIN,328.5,380,2026-10-02
Tez Johnson,WR,TB,329.0,381,2026-10-02
Dont'e Thornton Jr.,WR,LV,331.0,382,2026-10-02
Isaiah Bond,WR,CLE,331.5,383,2026-10-02
Mac Jones,QB,SF,332.0,384,2026-10-02
Jake Elliott,K,PHI,333.0,385,2026-10-02
Nate Boerkircher,TE,JAC,334.0,386,2026-10-02
Olamide Zaccheaus,WR,ATL,337.0,387,2026-10-02
Roschon Johnson,RB,CHI,338.0,388,2026-10-02
Tahj Brooks,RB,CIN,339.0,389,2026-10-02
Case Keenum,QB,CHI,339.0,390,2026-10-02
Sam Roush,TE,CHI,340.0,391,2026-10-02
Justin Joly,TE,MIA,341.0,392,2026-10-02
Josh Whyle,TE,GB,344.0,393,2026-10-02
Savion Williams,WR,GB,347.0,394,2026-10-02
Brandon Aiyuk,WR,SF,349.0,395,2026-10-02
Tyreek Hill,WR,FA,350.0,396,2026-10-02
Roman Hemby,RB,LV,350.5,397,2026-10-02
Treylon Burks,WR,WAS,352.0,398,2026-10-02
Atlanta Falcons,DST,ATL,356.0,399,2026-10-02
Jaleel McLaughlin,RB,CLE,362.0,400,2026-10-02
Cade Klubnik,QB,NYJ,369.0,401,2026-10-02
